feature_space,algorithm,k,fit_n_rows,eval_n_rows,coverage_pct,n_clusters,silhouette_cosine,silhouette_euclidean,dbi,calinski_harabasz,inertia,largest_cluster_pct,top3_cluster_pct,top5_cluster_pct,min_cluster_size,median_cluster_size,max_cluster_size,normalized_entropy,gini,n_clusters_lt_100,n_clusters_lt_500,notes
text_768_original,MiniBatchKMeans,8,100000,10000,100.0,8,0.05890003591775894,0.04224839434027672,3.2432923602444887,479.65473037083257,3866173.25,17.07,46.021,72.37700000000001,5593,13178.0,17070,0.9807420069112108,0.14233249999999997,0,0,low_interpretability_clusters=0;publisher_warnings=1;stock_warnings=0
text_768_original,MiniBatchKMeans,12,100000,10000,100.0,12,0.057228509336709976,0.03612060099840164,3.5800947607448688,349.4932337790756,3729003.25,10.954,31.839000000000002,51.211,4083,9325.5,10954,0.9835286918084966,0.1474283333333335,0,0,low_interpretability_clusters=0;publisher_warnings=1;stock_warnings=0
text_768_original,MiniBatchKMeans,16,100000,10000,100.0,16,0.06323156505823135,0.041954588145017624,3.085353016192505,299.0481081020524,3563511.75,10.007000000000001,26.99,43.382,1205,6411.0,10007,0.974127415213405,0.19855124999999996,0,0,low_interpretability_clusters=0;publisher_warnings=4;stock_warnings=0
text_768_original,MiniBatchKMeans,24,100000,10000,100.0,24,0.07555592060089111,0.04838157072663307,3.39942991635756,224.3130550424934,3413352.5,6.9559999999999995,19.641000000000002,30.553,1276,4318.0,6956,0.9777841309328109,0.19933583333333327,0,0,low_interpretability_clusters=3;publisher_warnings=6;stock_warnings=0
text_768_original,MiniBatchKMeans,32,100000,10000,100.0,32,0.08357007056474686,0.05817271023988724,3.228854212298808,186.21540876739013,3283249.0,6.506,16.304,24.693,633,2963.5,6506,0.9779618694513146,0.21147874999999994,0,0,low_interpretability_clusters=0;publisher_warnings=8;stock_warnings=0
text_768_original,MiniBatchKMeans,40,100000,10000,100.0,40,0.08339798450469971,0.05494950711727142,3.142795655289086,160.65326835500986,3180687.0,5.098,13.809,21.325,267,2535.0,5098,0.9722421521207354,0.2479175,0,1,low_interpretability_clusters=3;publisher_warnings=14;stock_warnings=0
text_768_original,MiniBatchKMeans,48,100000,10000,100.0,48,0.07603605091571808,0.048978015780448914,3.220168275655585,138.43963355116338,3141272.75,4.2090000000000005,11.068,16.619999999999997,269,2115.5,4209,0.9832343797982998,0.1887525000000001,0,1,low_interpretability_clusters=0;publisher_warnings=16;stock_warnings=0
text_768_original,MiniBatchKMeans,64,100000,10000,100.0,64,0.08320864289999008,0.054218243807554245,3.2042239608950904,113.03179521378411,3023025.25,3.012,7.981000000000001,12.479,210,1634.5,3012,0.985340310825257,0.18730812499999994,0,1,low_interpretability_clusters=1;publisher_warnings=19;stock_warnings=0
text_768_original,MiniBatchKMeans,96,100000,10000,100.0,96,0.06823867559432983,0.04737010970711708,3.146970140363328,83.7527795292225,2883070.75,2.077,5.7459999999999996,9.215,191,1017.0,2077,0.9854238497858809,0.20075770833333317,0,5,low_interpretability_clusters=0;publisher_warnings=39;stock_warnings=0
text_pca64_only,MiniBatchKMeans,8,100000,10000,100.0,8,0.04365650936961174,-0.02990991808474064,5.414027366655432,98.88552222031484,5998279.0,22.356,57.67099999999999,79.586,4004,10957.5,22356,0.9450046075189746,0.2644025000000001,0,0,low_interpretability_clusters=1;publisher_warnings=1;stock_warnings=0
text_pca64_only,MiniBatchKMeans,12,100000,10000,100.0,12,0.035775769501924515,0.014128065668046474,4.572012152437082,89.51713337849955,5826824.5,17.124,45.919,65.259,1130,9022.0,17124,0.9175227615549865,0.34230000000000005,0,0,low_interpretability_clusters=0;publisher_warnings=3;stock_warnings=0
text_pca64_only,MiniBatchKMeans,16,100000,10000,100.0,16,0.06212799251079559,0.016566043719649315,4.2461335378822564,88.97417930377388,5655374.5,11.960999999999999,31.769,48.887,1464,5731.0,11961,0.9569659454827226,0.2665712499999999,0,0,low_interpretability_clusters=1;publisher_warnings=3;stock_warnings=0
text_pca64_only,MiniBatchKMeans,24,100000,10000,100.0,24,0.09249329566955566,0.010202894918620586,3.595648517745854,89.67680440420324,5341392.0,7.411,19.101000000000003,30.497999999999998,1169,4722.5,7411,0.9697590609037863,0.22635916666666667,0,0,low_interpretability_clusters=0;publisher_warnings=9;stock_warnings=0
text_pca64_only,MiniBatchKMeans,32,100000,10000,100.0,32,0.09636883437633514,0.014459394849836826,3.472506269642478,80.59120564757868,5144516.5,5.789,16.835,26.793,503,3195.5,5789,0.9625690552875995,0.279754375,0,0,low_interpretability_clusters=0;publisher_warnings=12;stock_warnings=0
text_pca64_only,MiniBatchKMeans,40,100000,10000,100.0,40,0.1080102026462555,0.01684846729040146,3.3199501041004056,73.17899728103295,5005070.5,4.931,13.613,21.218,756,2554.5,4931,0.9776562716965825,0.22815950000000007,0,0,low_interpretability_clusters=2;publisher_warnings=16;stock_warnings=0
text_pca64_only,MiniBatchKMeans,48,100000,10000,100.0,48,0.10919443517923355,0.021167421713471413,3.1345148770575073,69.05236519838219,4859885.5,3.814,11.269,18.455,256,2116.5,3814,0.9760657386190147,0.23187791666666668,0,2,low_interpretability_clusters=0;publisher_warnings=19;stock_warnings=1
text_pca64_only,MiniBatchKMeans,64,100000,10000,100.0,64,0.10697445273399353,0.03072979673743248,3.09659867857839,58.846791746199614,4691599.0,3.029,8.200000000000001,12.969,69,1589.0,3029,0.9769640365419731,0.2298090625,1,4,low_interpretability_clusters=0;publisher_warnings=26;stock_warnings=0
text_pca64_only,MiniBatchKMeans,96,100000,10000,100.0,96,0.11607905477285385,0.04587670415639877,2.9968452871744446,47.74960921429384,4435355.5,2.401,6.5809999999999995,9.863,65,1082.5,2401,0.9778878668295385,0.2348829166666666,1,14,low_interpretability_clusters=2;publisher_warnings=48;stock_warnings=1
text_pca64_lexical,MiniBatchKMeans,8,100000,10000,100.0,8,0.04492774233222008,0.007917540147900581,5.6219736519072505,99.68309263917232,6088043.0,16.145,46.359,73.536,4039,13588.5,16145,0.9732906848583284,0.15110749999999995,0,0,low_interpretability_clusters=1;publisher_warnings=1;stock_warnings=0
text_pca64_lexical,MiniBatchKMeans,12,100000,10000,100.0,12,0.05359051376581192,0.0037047474179416895,4.582002615141576,96.04699707375055,5890557.0,13.261000000000001,36.276,56.830000000000005,1129,8865.5,13261,0.9598877499010487,0.22357500000000008,0,0,low_interpretability_clusters=0;publisher_warnings=2;stock_warnings=0
text_pca64_lexical,MiniBatchKMeans,16,100000,10000,100.0,16,0.0656389445066452,0.01793440617620945,4.045593427291879,95.12748472726459,5710611.5,11.443,31.436999999999998,48.731,1205,6359.5,11443,0.9481405531529693,0.28434625,0,0,low_interpretability_clusters=0;publisher_warnings=6;stock_warnings=0
text_pca64_lexical,MiniBatchKMeans,24,100000,10000,100.0,24,0.0919489935040474,0.03179939091205597,3.6896076332253753,89.32496942679627,5412696.0,7.563000000000001,21.831,34.188,1205,4377.0,7563,0.9661660627225511,0.25026499999999996,0,0,low_interpretability_clusters=0;publisher_warnings=8;stock_warnings=0
text_pca64_lexical,MiniBatchKMeans,32,100000,10000,100.0,32,0.10906727612018585,0.03992471843957901,3.396135481487616,83.85475549939022,5179710.0,6.091,16.155,25.502000000000002,914,3279.0,6091,0.9755661322281801,0.2233799999999999,0,0,low_interpretability_clusters=0;publisher_warnings=11;stock_warnings=0
text_pca64_lexical,MiniBatchKMeans,40,100000,10000,100.0,40,0.1064806878566742,0.03226589784026146,3.3462898706750805,75.11346700801771,5049519.5,5.165,12.284,19.195999999999998,599,2614.0,5165,0.9809490595110545,0.20392750000000004,0,0,low_interpretability_clusters=0;publisher_warnings=16;stock_warnings=0
text_pca64_lexical,MiniBatchKMeans,48,100000,10000,100.0,48,0.11085083335638046,0.03470567613840103,3.1345239530320193,70.8650377115871,4902700.5,3.9469999999999996,10.979,17.083000000000002,165,2104.5,3947,0.9775517439187218,0.21749208333333336,0,1,low_interpretability_clusters=0;publisher_warnings=18;stock_warnings=0
text_pca64_lexical,MiniBatchKMeans,64,100000,10000,100.0,64,0.10353080928325653,0.03339410200715065,3.0477949290463897,59.77078349337872,4744793.0,4.182,9.896,14.915000000000001,63,1538.0,4182,0.973196651508988,0.25422875,1,3,low_interpretability_clusters=1;publisher_warnings=30;stock_warnings=0
text_pca64_lexical,MiniBatchKMeans,96,100000,10000,100.0,96,0.11234449595212936,0.05068081617355347,2.9909585606818356,47.90162901691226,4494581.0,2.85,7.563000000000001,11.314,122,1053.5,2850,0.9764409318040672,0.24771854166666651,0,12,low_interpretability_clusters=1;publisher_warnings=49;stock_warnings=1
