date,count
1969-12-31,1
2010-02-03,25
2010-02-04,43
2010-02-05,18
2010-02-06,1
2010-02-08,25
2010-02-09,34
2010-02-10,28
2010-02-12,14
2010-02-14,2
2010-02-16,8
2010-02-19,3
2010-02-20,7
2010-02-21,2
2010-02-23,43
2010-02-24,19
2010-02-25,17
2010-02-26,58
2010-02-27,10
2010-02-28,10
2010-03-01,69
2010-03-02,72
2010-03-03,72
2010-03-04,91
2010-03-05,76
2010-03-06,13
2010-03-07,13
2010-03-08,78
2010-03-09,84
2010-03-10,69
2010-03-11,97
2010-03-12,76
2010-03-13,8
2010-03-14,8
2010-03-15,65
2010-03-16,72
2010-03-17,55
2010-03-18,67
2010-03-19,66
2010-03-20,26
2010-03-21,12
2010-03-22,69
2010-03-23,58
2010-03-24,65
2010-03-25,85
2010-03-26,54
2010-03-27,7
2010-03-28,1
2010-03-29,51
2010-03-30,60
2010-03-31,61
2010-04-01,55
2010-04-02,3
2010-04-03,3
2010-04-04,4
2010-04-05,57
2010-04-06,78
2010-04-07,103
2010-04-08,74
2010-04-09,75
2010-04-10,4
2010-04-12,74
2010-04-13,86
2010-04-14,65
2010-04-15,75
2010-04-16,76
2010-04-17,5
2010-04-18,3
2010-04-19,12
2010-04-20,65
2010-04-21,77
2010-04-22,81
2010-04-23,78
2010-04-24,12
2010-04-25,9
2010-04-26,91
2010-04-27,61
2010-04-28,59
2010-04-29,70
2010-04-30,50
2010-05-01,8
2010-05-02,1
2010-05-03,29
2010-05-04,60
2010-05-05,64
2010-05-06,62
2010-05-07,55
2010-05-08,9
2010-05-09,4
2010-05-10,51
2010-05-11,69
2010-05-12,8
2010-05-13,45
2010-05-14,14
2010-05-15,5
2010-05-17,79
2010-05-18,49
2010-05-19,68
2010-05-20,55
2010-05-21,67
2010-05-22,6
2010-05-23,3
2010-05-24,35
2010-05-25,72
2010-05-26,79
2010-05-27,57
2010-05-28,51
2010-05-29,5
2010-05-30,5
2010-05-31,5
2010-06-01,68
2010-06-02,58
2010-06-03,65
2010-06-04,40
2010-06-05,7
2010-06-06,2
2010-06-07,49
2010-06-08,62
2010-06-09,70
2010-06-10,44
2010-06-11,48
2010-06-12,5
2010-06-13,2
2010-06-14,60
2010-06-15,52
2010-06-16,72
2010-06-17,61
2010-06-18,50
2010-06-19,5
2010-06-20,3
2010-06-21,73
2010-06-22,62
2010-06-23,27
2010-06-24,49
2010-06-25,69
2010-06-26,8
2010-06-28,38
2010-06-29,36
2010-06-30,62
2010-07-01,33
2010-07-02,47
2010-07-03,6
2010-07-04,4
2010-07-05,2
2010-07-06,60
2010-07-07,45
2010-07-08,45
2010-07-09,63
2010-07-10,10
2010-07-11,4
2010-07-12,63
2010-07-13,29
2010-07-14,83
2010-07-15,73
2010-07-16,28
2010-07-17,6
2010-07-18,7
2010-07-19,66
2010-07-20,44
2010-07-21,51
2010-07-22,27
2010-07-23,66
2010-07-24,11
2010-07-25,2
2010-07-26,44
2010-07-27,51
2010-07-28,64
2010-07-29,79
2010-07-30,42
2010-07-31,8
2010-08-01,3
2010-08-02,54
2010-08-03,62
2010-08-04,76
2010-08-05,46
2010-08-06,28
2010-08-07,6
2010-08-08,5
2010-08-09,39
2010-08-10,53
2010-08-11,51
2010-08-12,73
2010-08-13,35
2010-08-14,8
2010-08-15,2
2010-08-16,97
2010-08-17,61
2010-08-18,52
2010-08-19,43
2010-08-20,12
2010-08-21,9
2010-08-22,5
2010-08-23,2
2010-08-24,4
2010-08-25,23
2010-08-26,52
2010-08-27,48
2010-08-28,8
2010-08-29,3
2010-08-30,56
2010-08-31,41
2010-09-01,47
2010-09-02,45
2010-09-03,42
2010-09-04,3
2010-09-05,4
2010-09-06,12
2010-09-07,46
2010-09-08,57
2010-09-09,41
2010-09-10,64
2010-09-11,6
2010-09-12,3
2010-09-13,50
2010-09-14,51
2010-09-15,27
2010-09-16,41
2010-09-17,56
2010-09-18,7
2010-09-19,5
2010-09-20,78
2010-09-21,53
2010-09-22,24
2010-09-23,14
2010-09-24,16
2010-09-25,3
2010-09-26,6
2010-09-27,33
2010-09-28,17
2010-09-29,7
2010-09-30,10
2010-10-01,17
2010-10-02,4
2010-10-03,4
2010-10-04,12
2010-10-05,22
2010-10-06,9
2010-10-07,19
2010-10-08,8
2010-10-11,1
2010-10-12,1
2010-10-13,2
2010-10-14,3
2010-10-15,1
2010-10-16,1
2010-10-17,5
2010-10-18,65
2010-10-19,65
2010-10-20,19
2010-10-21,81
2010-10-22,89
2010-10-23,8
2010-10-24,8
2010-10-25,95
2010-10-27,22
2010-10-28,80
2010-10-29,51
2010-10-30,10
2010-11-02,91
2010-11-03,29
2010-11-04,43
2010-11-05,55
2010-11-06,10
2010-11-07,4
2010-11-08,63
2010-11-09,95
2010-11-10,77
2010-11-11,55
2010-11-12,96
2010-11-13,14
2010-11-14,8
2010-11-15,80
2010-11-16,75
2010-11-17,60
2010-11-18,80
2010-11-19,36
2010-11-20,8
2010-11-21,2
2010-11-22,134
2010-11-23,82
2010-11-24,88
2010-11-25,10
2010-11-26,26
2010-11-27,5
2010-11-28,2
2010-11-29,94
2010-11-30,87
2010-12-01,59
2010-12-02,60
2010-12-03,68
2010-12-04,6
2010-12-06,80
2010-12-07,55
2010-12-08,70
2010-12-09,75
2010-12-10,73
2010-12-11,12
2010-12-12,3
2010-12-13,72
2010-12-14,56
2010-12-15,91
2010-12-16,83
2010-12-17,70
2010-12-18,13
2010-12-19,6
2010-12-20,98
2010-12-21,81
2010-12-22,82
2010-12-23,58
2010-12-24,10
2010-12-25,4
2010-12-26,5
2010-12-27,65
2010-12-28,60
2010-12-29,68
2010-12-30,88
2010-12-31,70
2011-01-01,5
2011-01-03,85
2011-01-04,80
2011-01-05,73
2011-01-06,106
2011-01-07,80
2011-01-08,6
2011-01-09,5
2011-01-10,94
2011-01-11,93
2011-01-12,65
2011-01-13,81
2011-01-14,77
2011-01-15,2
2011-01-16,3
2011-01-17,8
2011-01-18,56
2011-01-19,56
2011-01-20,75
2011-01-21,84
2011-01-22,3
2011-01-23,1
2011-01-24,87
2011-01-25,77
2011-01-26,55
2011-01-27,74
2011-01-28,75
2011-01-29,4
2011-01-31,80
2011-02-01,86
2011-02-02,126
2011-02-03,173
2011-02-04,139
2011-02-05,8
2011-02-06,16
2011-02-07,196
2011-02-08,174
2011-02-09,179
2011-02-10,148
2011-02-11,134
2011-02-12,7
2011-02-13,18
2011-02-14,212
2011-02-15,185
2011-02-16,182
2011-02-17,159
2011-02-18,142
2011-02-19,17
2011-02-20,5
2011-02-21,22
2011-02-22,190
2011-02-23,170
2011-02-24,156
2011-02-25,124
2011-02-26,9
2011-02-27,14
2011-02-28,174
2011-03-01,158
2011-03-02,151
2011-03-03,164
2011-03-04,145
2011-03-05,5
2011-03-06,12
2011-03-07,196
2011-03-08,178
2011-03-09,182
2011-03-10,173
2011-03-11,131
2011-03-12,5
2011-03-13,6
2011-03-14,200
2011-03-15,145
2011-03-16,184
2011-03-17,217
2011-03-18,177
2011-03-19,7
2011-03-21,166
2011-03-22,182
2011-03-23,170
2011-03-24,152
2011-03-25,199
2011-03-26,10
2011-03-27,3
2011-03-28,215
2011-03-29,170
2011-03-30,182
2011-03-31,207
2011-04-01,178
2011-04-02,10
2011-04-04,192
2011-04-05,168
2011-04-06,172
2011-04-07,208
2011-04-08,139
2011-04-09,5
2011-04-10,5
2011-04-11,188
2011-04-12,163
2011-04-13,141
2011-04-14,172
2011-04-15,136
2011-04-16,6
2011-04-18,172
2011-04-19,173
2011-04-20,187
2011-04-21,296
2011-04-22,14
2011-04-23,12
2011-04-24,9
2011-04-25,185
2011-04-26,192
2011-04-27,172
2011-04-28,218
2011-04-29,185
2011-04-30,7
2011-05-01,2
2011-05-02,167
2011-05-03,208
2011-05-04,196
2011-05-05,215
2011-05-06,160
2011-05-07,7
2011-05-08,3
2011-05-09,188
2011-05-10,202
2011-05-11,153
2011-05-12,183
2011-05-13,168
2011-05-14,4
2011-05-15,4
2011-05-16,163
2011-05-17,149
2011-05-18,203
2011-05-19,194
2011-05-20,182
2011-05-21,6
2011-05-22,4
2011-05-23,131
2011-05-24,203
2011-05-25,173
2011-05-26,163
2011-05-27,195
2011-05-28,13
2011-05-29,3
2011-05-30,5
2011-05-31,189
2011-06-01,144
2011-06-02,190
2011-06-03,152
2011-06-04,13
2011-06-05,2
2011-06-06,174
2011-06-07,178
2011-06-08,181
2011-06-09,185
2011-06-10,178
2011-06-11,4
2011-06-12,9
2011-06-13,178
2011-06-14,164
2011-06-15,181
2011-06-16,177
2011-06-17,145
2011-06-18,4
2011-06-19,3
2011-06-20,148
2011-06-21,158
2011-06-22,196
2011-06-23,181
2011-06-24,196
2011-06-25,3
2011-06-26,2
2011-06-27,164
2011-06-28,232
2011-06-29,196
2011-06-30,201
2011-07-01,220
2011-07-02,1
2011-07-03,4
2011-07-04,10
2011-07-05,227
2011-07-06,181
2011-07-07,158
2011-07-08,163
2011-07-09,7
2011-07-10,1
2011-07-11,176
2011-07-12,182
2011-07-13,173
2011-07-14,162
2011-07-15,223
2011-07-16,6
2011-07-17,5
2011-07-18,198
2011-07-19,183
2011-07-20,181
2011-07-21,180
2011-07-22,210
2011-07-23,2
2011-07-24,8
2011-07-25,175
2011-07-26,235
2011-07-27,192
2011-07-28,232
2011-07-29,238
2011-07-30,4
2011-07-31,1
2011-08-01,211
2011-08-02,233
2011-08-03,195
2011-08-04,207
2011-08-05,215
2011-08-06,11
2011-08-07,3
2011-08-08,159
2011-08-09,170
2011-08-10,159
2011-08-11,199
2011-08-12,182
2011-08-13,1
2011-08-14,1
2011-08-15,175
2011-08-16,175
2011-08-17,164
2011-08-18,175
2011-08-19,174
2011-08-20,6
2011-08-21,4
2011-08-22,139
2011-08-23,156
2011-08-24,162
2011-08-25,148
2011-08-26,146
2011-08-27,4
2011-08-28,1
2011-08-29,158
2011-08-30,163
2011-08-31,159
2011-09-01,181
2011-09-02,125
2011-09-03,5
2011-09-05,5
2011-09-06,157
2011-09-07,201
2011-09-08,164
2011-09-09,155
2011-09-10,2
2011-09-11,3
2011-09-12,172
2011-09-13,178
2011-09-14,144
2011-09-15,125
2011-09-16,169
2011-09-17,6
2011-09-19,145
2011-09-20,162
2011-09-21,185
2011-09-22,176
2011-09-23,147
2011-09-24,6
2011-09-25,2
2011-09-26,144
2011-09-27,163
2011-09-28,188
2011-09-29,112
2011-09-30,161
2011-10-01,6
2011-10-02,9
2011-10-03,162
2011-10-04,156
2011-10-05,138
2011-10-06,105
2011-10-07,133
2011-10-08,20
2011-10-09,16
2011-10-10,141
2011-10-11,236
2011-10-12,194
2011-10-13,114
2011-10-14,181
2011-10-15,9
2011-10-16,22
2011-10-17,203
2011-10-18,202
2011-10-19,262
2011-10-20,228
2011-10-21,193
2011-10-22,15
2011-10-23,19
2011-10-24,290
2011-10-25,216
2011-10-26,220
2011-10-27,253
2011-10-28,321
2011-10-29,29
2011-10-30,24
2011-10-31,348
2011-11-01,225
2011-11-02,342
2011-11-03,432
2011-11-04,495
2011-11-05,25
2011-11-06,40
2011-11-07,274
2011-11-08,188
2011-11-09,317
2011-11-10,351
2011-11-11,233
2011-11-12,17
2011-11-13,18
2011-11-14,385
2011-11-15,260
2011-11-16,265
2011-11-17,181
2011-11-18,162
2011-11-19,18
2011-11-20,21
2011-11-21,244
2011-11-22,250
2011-11-23,160
2011-11-24,33
2011-11-25,172
2011-11-26,7
2011-11-27,18
2011-11-28,171
2011-11-29,55
2011-11-30,303
2011-12-01,320
2011-12-02,272
2011-12-03,11
2011-12-04,33
2011-12-05,236
2011-12-06,230
2011-12-07,276
2011-12-08,227
2011-12-09,272
2011-12-10,20
2011-12-11,31
2011-12-12,181
2011-12-13,46
2011-12-14,289
2011-12-15,254
2011-12-16,240
2011-12-17,24
2011-12-18,33
2011-12-19,275
2011-12-20,221
2011-12-21,239
2011-12-22,222
2011-12-23,216
2011-12-24,7
2011-12-25,13
2011-12-26,25
2011-12-27,207
2011-12-28,39
2011-12-29,86
2011-12-30,274
2011-12-31,11
2012-01-01,89
2012-01-02,71
2012-01-03,269
2012-01-04,312
2012-01-05,120
2012-01-06,595
2012-01-07,22
2012-01-08,51
2012-01-09,429
2012-01-10,381
2012-01-11,417
2012-01-12,386
2012-01-13,346
2012-01-14,13
2012-01-15,39
2012-01-16,113
2012-01-17,100
2012-01-18,49
2012-01-19,420
2012-01-20,357
2012-01-21,26
2012-01-22,36
2012-01-23,409
2012-01-24,464
2012-01-25,369
2012-01-26,268
2012-01-27,521
2012-01-28,26
2012-01-29,17
2012-01-30,434
2012-01-31,416
2012-02-01,465
2012-02-02,456
2012-02-03,455
2012-02-04,27
2012-02-05,24
2012-02-06,414
2012-02-07,471
2012-02-08,531
2012-02-09,552
2012-02-10,462
2012-02-11,35
2012-02-12,34
2012-02-13,542
2012-02-14,488
2012-02-15,527
2012-02-16,535
2012-02-17,104
2012-02-18,19
2012-02-19,102
2012-02-20,82
2012-02-21,491
2012-02-22,483
2012-02-23,564
2012-02-24,451
2012-02-25,17
2012-02-26,21
2012-02-27,530
2012-02-28,569
2012-02-29,673
2012-03-01,399
2012-03-02,478
2012-03-03,44
2012-03-04,57
2012-03-05,481
2012-03-06,420
2012-03-07,431
2012-03-08,432
2012-03-09,438
2012-03-10,25
2012-03-11,38
2012-03-12,548
2012-03-13,483
2012-03-14,521
2012-03-15,505
2012-03-16,435
2012-03-17,33
2012-03-18,26
2012-03-19,415
2012-03-20,408
2012-03-21,191
2012-03-22,7
2012-03-23,9
2012-03-26,6
2012-03-27,15
2012-03-28,139
2012-03-29,640
2012-03-30,474
2012-03-31,78
2012-04-01,40
2012-04-02,476
2012-04-03,378
2012-04-04,357
2012-04-05,450
2012-04-06,71
2012-04-07,20
2012-04-08,13
2012-04-09,482
2012-04-10,431
2012-04-11,467
2012-04-12,404
2012-04-13,425
2012-04-14,10
2012-04-15,26
2012-04-16,478
2012-04-17,415
2012-04-18,371
2012-04-19,494
2012-04-20,356
2012-04-21,34
2012-04-22,33
2012-04-23,417
2012-04-24,478
2012-04-25,503
2012-04-26,555
2012-04-27,526
2012-04-28,21
2012-04-29,3
2012-04-30,582
2012-05-01,567
2012-05-02,578
2012-05-03,685
2012-05-04,673
2012-05-05,19
2012-05-06,14
2012-05-07,673
2012-05-08,670
2012-05-09,70
2012-05-10,1020
2012-05-11,510
2012-05-12,29
2012-05-13,8
2012-05-14,508
2012-05-15,537
2012-05-16,523
2012-05-17,507
2012-05-18,420
2012-05-19,19
2012-05-20,21
2012-05-21,361
2012-05-22,379
2012-05-23,431
2012-05-24,532
2012-05-25,461
2012-05-26,16
2012-05-27,11
2012-05-28,88
2012-05-29,561
2012-05-30,462
2012-05-31,522
2012-06-01,440
2012-06-02,37
2012-06-03,22
2012-06-04,521
2012-06-05,450
2012-06-06,475
2012-06-07,417
2012-06-08,397
2012-06-09,19
2012-06-10,24
2012-06-11,504
2012-06-12,377
2012-06-13,363
2012-06-14,360
2012-06-15,420
2012-06-16,29
2012-06-17,27
2012-06-18,399
2012-06-19,424
2012-06-20,380
2012-06-21,409
2012-06-22,373
2012-06-23,31
2012-06-24,11
2012-06-25,476
2012-06-26,500
2012-06-27,511
2012-06-28,554
2012-06-29,454
2012-06-30,31
2012-07-01,1
2012-07-02,421
2012-07-03,464
2012-07-04,35
2012-07-05,402
2012-07-06,405
2012-07-07,12
2012-07-08,4
2012-07-09,471
2012-07-10,487
2012-07-11,423
2012-07-12,414
2012-07-13,385
2012-07-14,17
2012-07-15,11
2012-07-16,405
2012-07-17,481
2012-07-18,407
2012-07-19,388
2012-07-20,479
2012-07-21,13
2012-07-22,1
2012-07-23,476
2012-07-24,507
2012-07-25,513
2012-07-26,521
2012-07-27,512
2012-07-28,19
2012-07-29,7
2012-07-30,492
2012-07-31,522
2012-08-01,410
2012-08-02,610
2012-08-03,675
2012-08-04,33
2012-08-05,12
2012-08-06,616
2012-08-07,707
2012-08-08,684
2012-08-09,690
2012-08-10,458
2012-08-11,18
2012-08-12,7
2012-08-13,582
2012-08-14,607
2012-08-15,436
2012-08-16,501
2012-08-17,409
2012-08-18,26
2012-08-19,10
2012-08-20,440
2012-08-21,447
2012-08-22,397
2012-08-23,420
2012-08-24,424
2012-08-25,19
2012-08-26,17
2012-08-27,445
2012-08-28,523
2012-08-29,396
2012-08-30,512
2012-08-31,352
2012-09-01,5
2012-09-02,8
2012-09-03,35
2012-09-04,367
2012-09-05,438
2012-09-06,415
2012-09-07,445
2012-09-08,12
2012-09-09,12
2012-09-10,415
2012-09-11,362
2012-09-12,320
2012-09-13,334
2012-09-14,384
2012-09-15,8
2012-09-16,11
2012-09-17,327
2012-09-18,374
2012-09-19,437
2012-09-20,412
2012-09-21,352
2012-09-22,6
2012-09-23,6
2012-09-24,397
2012-09-25,354
2012-09-26,344
2012-09-27,303
2012-09-28,335
2012-09-29,12
2012-09-30,14
2012-10-01,399
2012-10-02,408
2012-10-03,385
2012-10-04,398
2012-10-05,327
2012-10-06,13
2012-10-07,15
2012-10-08,375
2012-10-09,351
2012-10-10,340
2012-10-11,396
2012-10-12,311
2012-10-13,27
2012-10-14,21
2012-10-15,160
2012-10-16,494
2012-10-17,399
2012-10-18,388
2012-10-19,344
2012-10-20,9
2012-10-21,9
2012-10-22,161
2012-10-23,286
2012-10-24,329
2012-10-25,484
2012-10-26,504
2012-10-27,13
2012-10-28,4
2012-10-29,334
2012-10-30,266
2012-10-31,495
2012-11-01,554
2012-11-02,547
2012-11-03,8
2012-11-04,25
2012-11-05,621
2012-11-06,608
2012-11-07,487
2012-11-08,597
2012-11-09,669
2012-11-10,19
2012-11-11,36
2012-11-12,338
2012-11-13,439
2012-11-14,510
2012-11-15,398
2012-11-16,381
2012-11-17,7
2012-11-18,21
2012-11-19,486
2012-11-20,343
2012-11-21,379
2012-11-22,95
2012-11-23,237
2012-11-24,11
2012-11-25,14
2012-11-26,374
2012-11-27,464
2012-11-28,462
2012-11-29,422
2012-11-30,456
2012-12-01,21
2012-12-02,17
2012-12-03,393
2012-12-04,513
2012-12-05,381
2012-12-06,404
2012-12-07,305
2012-12-08,14
2012-12-09,19
2012-12-10,334
2012-12-11,388
2012-12-12,347
2012-12-13,346
2012-12-14,376
2012-12-15,50
2012-12-16,12
2012-12-17,463
2012-12-18,415
2012-12-19,446
2012-12-20,454
2012-12-21,396
2012-12-22,10
2012-12-23,13
2012-12-24,276
2012-12-25,41
2012-12-26,290
2012-12-27,290
2012-12-28,302
2012-12-29,7
2012-12-30,13
2012-12-31,293
2013-01-01,55
2013-01-02,405
2013-01-03,441
2013-01-04,353
2013-01-05,13
2013-01-06,10
2013-01-07,370
2013-01-08,419
2013-01-09,453
2013-01-10,439
2013-01-11,352
2013-01-12,8
2013-01-13,19
2013-01-14,371
2013-01-15,375
2013-01-16,391
2013-01-17,362
2013-01-18,328
2013-01-19,25
2013-01-20,8
2013-01-21,226
2013-01-22,456
2013-01-23,418
2013-01-24,484
2013-01-25,414
2013-01-26,20
2013-01-27,23
2013-01-28,397
2013-01-29,498
2013-01-30,457
2013-01-31,492
2013-02-01,346
2013-02-02,6
2013-02-03,39
2013-02-04,389
2013-02-05,449
2013-02-06,456
2013-02-07,468
2013-02-08,453
2013-02-09,97
2013-02-10,22
2013-02-11,443
2013-02-12,446
2013-02-13,428
2013-02-14,483
2013-02-15,414
2013-02-16,33
2013-02-17,13
2013-02-18,53
2013-02-19,514
2013-02-20,509
2013-02-21,459
2013-02-22,407
2013-02-23,26
2013-02-24,22
2013-02-25,593
2013-02-26,575
2013-02-27,467
2013-02-28,470
2013-03-01,327
2013-03-02,11
2013-03-03,16
2013-03-04,376
2013-03-05,372
2013-03-06,120
2013-03-07,124
2013-03-08,442
2013-03-09,25
2013-03-10,18
2013-03-11,346
2013-03-12,411
2013-03-13,351
2013-03-14,362
2013-03-15,374
2013-03-16,31
2013-03-17,20
2013-03-18,345
2013-03-19,316
2013-03-20,262
2013-03-21,342
2013-03-22,330
2013-03-23,13
2013-03-24,8
2013-03-25,344
2013-03-26,356
2013-03-27,232
2013-03-28,308
2013-03-29,51
2013-03-30,9
2013-03-31,12
2013-04-01,360
2013-04-02,334
2013-04-03,305
2013-04-04,282
2013-04-05,289
2013-04-06,15
2013-04-07,18
2013-04-08,299
2013-04-09,333
2013-04-10,346
2013-04-11,270
2013-04-12,298
2013-04-13,15
2013-04-14,14
2013-04-15,335
2013-04-16,245
2013-04-17,411
2013-04-18,356
2013-04-19,358
2013-04-20,14
2013-04-21,14
2013-04-22,288
2013-04-23,391
2013-04-24,350
2013-04-25,388
2013-04-26,353
2013-04-27,16
2013-04-28,25
2013-04-29,346
2013-04-30,353
2013-05-01,320
2013-05-02,409
2013-05-03,359
2013-05-04,14
2013-05-05,7
2013-05-06,393
2013-05-07,394
2013-05-08,350
2013-05-09,435
2013-05-10,300
2013-05-11,9
2013-05-12,14
2013-05-13,381
2013-05-14,391
2013-05-15,346
2013-05-16,285
2013-05-17,292
2013-05-18,13
2013-05-19,10
2013-05-20,261
2013-05-21,333
2013-05-22,393
2013-05-23,387
2013-05-24,292
2013-05-25,17
2013-05-26,12
2013-05-27,26
2013-05-28,353
2013-05-29,340
2013-05-30,300
2013-05-31,326
2013-06-01,10
2013-06-02,9
2013-06-03,296
2013-06-04,312
2013-06-05,320
2013-06-06,357
2013-06-07,316
2013-06-08,3
2013-06-09,17
2013-06-10,333
2013-06-11,387
2013-06-12,299
2013-06-13,316
2013-06-14,320
2013-06-15,11
2013-06-16,10
2013-06-17,375
2013-06-18,354
2013-06-19,338
2013-06-20,306
2013-06-21,315
2013-06-22,7
2013-06-23,12
2013-06-24,297
2013-06-25,362
2013-06-26,331
2013-06-27,352
2013-06-28,336
2013-06-29,13
2013-06-30,14
2013-07-01,294
2013-07-02,326
2013-07-03,305
2013-07-04,46
2013-07-05,317
2013-07-06,5
2013-07-07,7
2013-07-08,318
2013-07-09,320
2013-07-10,270
2013-07-11,311
2013-07-12,277
2013-07-13,5
2013-07-15,291
2013-07-16,308
2013-07-17,276
2013-07-18,299
2013-07-19,405
2013-07-20,22
2013-07-21,12
2013-07-22,269
2013-07-23,316
2013-07-24,379
2013-07-25,422
2013-07-26,334
2013-07-27,16
2013-07-28,5
2013-07-29,369
2013-07-30,417
2013-07-31,369
2013-08-01,430
2013-08-02,316
2013-08-03,11
2013-08-04,15
2013-08-05,358
2013-08-06,395
2013-08-07,406
2013-08-08,339
2013-08-09,239
2013-08-10,13
2013-08-11,17
2013-08-12,346
2013-08-13,358
2013-08-14,337
2013-08-15,293
2013-08-16,357
2013-08-17,19
2013-08-18,34
2013-08-19,306
2013-08-20,310
2013-08-21,255
2013-08-22,287
2013-08-23,311
2013-08-24,20
2013-08-25,8
2013-08-26,281
2013-08-27,339
2013-08-28,288
2013-08-29,298
2013-08-30,306
2013-08-31,25
2013-09-01,17
2013-09-02,22
2013-09-03,347
2013-09-04,323
2013-09-05,328
2013-09-06,318
2013-09-07,3
2013-09-08,13
2013-09-09,284
2013-09-10,346
2013-09-11,346
2013-09-12,388
2013-09-13,332
2013-09-14,16
2013-09-15,9
2013-09-16,319
2013-09-17,347
2013-09-18,301
2013-09-19,351
2013-09-20,361
2013-09-21,15
2013-09-22,29
2013-09-23,341
2013-09-24,304
2013-09-25,306
2013-09-26,330
2013-09-27,299
2013-09-28,27
2013-09-29,21
2013-09-30,314
2013-10-01,301
2013-10-02,272
2013-10-03,358
2013-10-04,306
2013-10-05,18
2013-10-06,15
2013-10-07,357
2013-10-08,349
2013-10-09,398
2013-10-10,260
2013-10-11,259
2013-10-12,27
2013-10-13,19
2013-10-14,267
2013-10-15,312
2013-10-16,334
2013-10-17,291
2013-10-18,293
2013-10-19,17
2013-10-20,20
2013-10-21,283
2013-10-22,335
2013-10-23,358
2013-10-24,380
2013-10-25,443
2013-10-26,20
2013-10-27,15
2013-10-28,338
2013-10-29,347
2013-10-30,358
2013-10-31,366
2013-11-01,270
2013-11-02,13
2013-11-03,24
2013-11-04,330
2013-11-05,338
2013-11-06,399
2013-11-07,393
2013-11-08,300
2013-11-09,21
2013-11-10,21
2013-11-11,329
2013-11-12,383
2013-11-13,385
2013-11-14,372
2013-11-15,305
2013-11-16,21
2013-11-17,17
2013-11-18,368
2013-11-19,409
2013-11-20,329
2013-11-21,369
2013-11-22,320
2013-11-23,19
2013-11-24,21
2013-11-25,317
2013-11-26,376
2013-11-27,316
2013-11-28,21
2013-11-29,321
2013-11-30,16
2013-12-01,1
2013-12-02,311
2013-12-03,390
2013-12-04,303
2013-12-05,444
2013-12-06,308
2013-12-07,17
2013-12-08,14
2013-12-09,332
2013-12-10,406
2013-12-11,383
2013-12-12,352
2013-12-13,348
2013-12-14,13
2013-12-15,9
2013-12-16,401
2013-12-17,380
2013-12-18,364
2013-12-19,351
2013-12-20,307
2013-12-21,10
2013-12-23,347
2013-12-24,348
2013-12-25,5
2013-12-26,340
2013-12-27,318
2013-12-28,26
2013-12-29,8
2013-12-30,349
2013-12-31,386
2014-01-01,18
2014-01-02,443
2014-01-03,351
2014-01-04,8
2014-01-05,6
2014-01-06,335
2014-01-07,449
2014-01-08,330
2014-01-09,340
2014-01-10,391
2014-01-11,10
2014-01-12,6
2014-01-13,355
2014-01-14,369
2014-01-15,370
2014-01-16,294
2014-01-17,387
2014-01-18,11
2014-01-19,2
2014-01-20,316
2014-01-21,390
2014-01-22,392
2014-01-23,345
2014-01-24,409
2014-01-25,4
2014-01-26,15
2014-01-27,333
2014-01-28,415
2014-01-29,396
2014-01-30,395
2014-01-31,436
2014-02-01,12
2014-02-02,20
2014-02-03,408
2014-02-04,366
2014-02-05,354
2014-02-06,426
2014-02-07,368
2014-02-08,7
2014-02-09,20
2014-02-10,415
2014-02-11,414
2014-02-12,424
2014-02-13,404
2014-02-14,390
2014-02-15,8
2014-02-16,9
2014-02-17,48
2014-02-18,379
2014-02-19,488
2014-02-20,413
2014-02-21,485
2014-02-22,13
2014-02-23,32
2014-02-24,378
2014-02-25,420
2014-02-26,410
2014-02-27,413
2014-02-28,373
2014-03-01,15
2014-03-02,2
2014-03-03,382
2014-03-04,415
2014-03-05,390
2014-03-06,440
2014-03-07,371
2014-03-08,10
2014-03-09,7
2014-03-10,394
2014-03-11,395
2014-03-12,419
2014-03-13,453
2014-03-14,377
2014-03-15,5
2014-03-16,15
2014-03-17,293
2014-03-18,387
2014-03-19,422
2014-03-20,369
2014-03-21,364
2014-03-22,3
2014-03-23,7
2014-03-24,366
2014-03-25,390
2014-03-26,397
2014-03-27,373
2014-03-28,375
2014-03-29,12
2014-03-30,21
2014-03-31,325
2014-04-01,384
2014-04-02,410
2014-04-03,359
2014-04-04,381
2014-04-05,12
2014-04-06,13
2014-04-07,283
2014-04-08,475
2014-04-09,379
2014-04-10,348
2014-04-11,394
2014-04-12,9
2014-04-13,9
2014-04-14,385
2014-04-15,360
2014-04-16,414
2014-04-17,448
2014-04-18,32
2014-04-19,12
2014-04-20,18
2014-04-21,378
2014-04-22,398
2014-04-23,462
2014-04-24,498
2014-04-25,436
2014-04-26,12
2014-04-27,3
2014-04-28,385
2014-04-29,516
2014-04-30,466
2014-05-01,504
2014-05-02,353
2014-05-03,22
2014-05-04,16
2014-05-05,383
2014-05-06,488
2014-05-07,466
2014-05-08,457
2014-05-09,348
2014-05-10,18
2014-05-11,8
2014-05-12,421
2014-05-13,461
2014-05-14,389
2014-05-15,399
2014-05-16,366
2014-05-17,17
2014-05-18,3
2014-05-19,365
2014-05-20,403
2014-05-21,386
2014-05-22,406
2014-05-23,362
2014-05-24,12
2014-05-25,10
2014-05-26,21
2014-05-27,437
2014-05-28,361
2014-05-29,395
2014-05-30,400
2014-05-31,11
2014-06-01,2
2014-06-02,376
2014-06-03,409
2014-06-04,352
2014-06-05,392
2014-06-06,365
2014-06-07,17
2014-06-08,23
2014-06-09,395
2014-06-10,401
2014-06-11,380
2014-06-12,408
2014-06-13,369
2014-06-14,13
2014-06-15,14
2014-06-16,445
2014-06-17,394
2014-06-18,414
2014-06-19,419
2014-06-20,445
2014-06-21,17
2014-06-22,32
2014-06-23,390
2014-06-24,414
2014-06-25,430
2014-06-26,413
2014-06-27,412
2014-06-28,10
2014-06-29,18
2014-06-30,418
2014-07-01,345
2014-07-02,474
2014-07-03,358
2014-07-04,5
2014-07-05,16
2014-07-06,9
2014-07-07,378
2014-07-08,369
2014-07-09,386
2014-07-10,416
2014-07-11,346
2014-07-12,15
2014-07-13,6
2014-07-14,396
2014-07-15,457
2014-07-16,432
2014-07-17,424
2014-07-18,420
2014-07-19,14
2014-07-20,12
2014-07-21,436
2014-07-22,453
2014-07-23,414
2014-07-24,449
2014-07-25,527
2014-07-26,19
2014-07-27,21
2014-07-28,493
2014-07-29,462
2014-07-30,547
2014-07-31,537
2014-08-01,434
2014-08-02,22
2014-08-03,3
2014-08-04,449
2014-08-05,533
2014-08-06,421
2014-08-07,437
2014-08-08,409
2014-08-09,12
2014-08-10,13
2014-08-11,417
2014-08-12,459
2014-08-13,435
2014-08-14,391
2014-08-15,299
2014-08-16,12
2014-08-17,24
2014-08-18,355
2014-08-19,439
2014-08-20,421
2014-08-21,389
2014-08-22,374
2014-08-23,16
2014-08-24,7
2014-08-25,388
2014-08-26,454
2014-08-27,268
2014-08-28,278
2014-08-29,367
2014-08-30,12
2014-08-31,19
2014-09-01,10
2014-09-02,385
2014-09-03,422
2014-09-04,389
2014-09-05,386
2014-09-06,24
2014-09-07,8
2014-09-08,409
2014-09-09,426
2014-09-10,397
2014-09-11,355
2014-09-12,369
2014-09-13,17
2014-09-14,10
2014-09-15,378
2014-09-16,317
2014-09-17,462
2014-09-18,391
2014-09-19,363
2014-09-20,3
2014-09-21,39
2014-09-22,389
2014-09-23,471
2014-09-24,445
2014-09-25,375
2014-09-26,328
2014-09-27,12
2014-09-28,26
2014-09-29,437
2014-09-30,364
2014-10-01,287
2014-10-02,275
2014-10-03,294
2014-10-04,14
2014-10-05,14
2014-10-06,404
2014-10-07,385
2014-10-08,398
2014-10-09,410
2014-10-10,455
2014-10-11,9
2014-10-12,25
2014-10-13,464
2014-10-14,480
2014-10-15,556
2014-10-16,531
2014-10-17,449
2014-10-18,11
2014-10-19,15
2014-10-20,485
2014-10-21,507
2014-10-22,444
2014-10-23,391
2014-10-24,493
2014-10-25,13
2014-10-26,10
2014-10-27,526
2014-10-28,510
2014-10-29,602
2014-10-30,577
2014-10-31,507
2014-11-01,7
2014-11-02,18
2014-11-03,556
2014-11-04,561
2014-11-05,549
2014-11-06,494
2014-11-07,420
2014-11-08,7
2014-11-09,39
2014-11-10,470
2014-11-11,435
2014-11-12,491
2014-11-13,452
2014-11-14,477
2014-11-15,6
2014-11-16,23
2014-11-17,519
2014-11-18,485
2014-11-19,501
2014-11-20,415
2014-11-21,433
2014-11-22,27
2014-11-23,25
2014-11-24,400
2014-11-25,451
2014-11-26,430
2014-11-27,93
2014-11-28,400
2014-11-29,20
2014-11-30,27
2014-12-01,431
2014-12-02,455
2014-12-03,506
2014-12-04,479
2014-12-05,423
2014-12-06,11
2014-12-07,11
2014-12-08,437
2014-12-09,505
2014-12-10,444
2014-12-11,417
2014-12-12,408
2014-12-13,2
2014-12-14,18
2014-12-15,489
2014-12-16,534
2014-12-17,475
2014-12-18,561
2014-12-19,382
2014-12-20,15
2014-12-21,16
2014-12-22,736
2014-12-23,1182
2014-12-24,778
2014-12-25,138
2014-12-26,630
2014-12-27,69
2014-12-28,171
2014-12-29,831
2014-12-30,905
2014-12-31,966
2015-01-01,189
2015-01-02,805
2015-01-03,125
2015-01-04,212
2015-01-05,1154
2015-01-06,1582
2015-01-07,1094
2015-01-08,1171
2015-01-09,1033
2015-01-10,136
2015-01-11,190
2015-01-12,886
2015-01-13,1212
2015-01-14,1173
2015-01-15,1205
2015-01-16,926
2015-01-17,74
2015-01-18,124
2015-01-19,506
2015-01-20,1241
2015-01-21,1180
2015-01-22,1332
2015-01-23,1070
2015-01-24,104
2015-01-25,201
2015-01-26,1245
2015-01-27,1460
2015-01-28,1458
2015-01-29,1404
2015-01-30,1103
2015-01-31,181
2015-02-01,102
2015-02-02,1407
2015-02-03,1603
2015-02-04,1500
2015-02-05,1517
2015-02-06,1129
2015-02-07,96
2015-02-08,180
2015-02-09,1291
2015-02-10,1443
2015-02-11,1425
2015-02-12,1478
2015-02-13,1037
2015-02-14,152
2015-02-15,201
2015-02-16,534
2015-02-17,1464
2015-02-18,1553
2015-02-19,1520
2015-02-20,1062
2015-02-21,215
2015-02-22,230
2015-02-23,1367
2015-02-24,1592
2015-02-25,1122
2015-02-26,1574
2015-02-27,1035
2015-02-28,193
2015-03-01,287
2015-03-02,1263
2015-03-03,1289
2015-03-04,1326
2015-03-05,1243
2015-03-06,1065
2015-03-07,175
2015-03-08,135
2015-03-09,1160
2015-03-10,1227
2015-03-11,1201
2015-03-12,1347
2015-03-13,982
2015-03-14,109
2015-03-15,274
2015-03-16,1166
2015-03-17,1334
2015-03-18,1159
2015-03-19,1112
2015-03-20,971
2015-03-21,177
2015-03-22,173
2015-03-23,1060
2015-03-24,1049
2015-03-25,983
2015-03-26,1143
2015-03-27,876
2015-03-28,148
2015-03-29,200
2015-03-30,1053
2015-03-31,1186
2015-04-01,1125
2015-04-02,900
2015-04-03,222
2015-04-04,62
2015-04-05,214
2015-04-06,1025
2015-04-07,799
2015-04-08,969
2015-04-09,1072
2015-04-10,845
2015-04-11,154
2015-04-12,161
2015-04-13,1070
2015-04-14,1074
2015-04-15,1101
2015-04-16,963
2015-04-17,1095
2015-04-18,142
2015-04-19,191
2015-04-20,1207
2015-04-21,1443
2015-04-22,1370
2015-04-23,1538
2015-04-24,1231
2015-04-25,190
2015-04-26,271
2015-04-27,1431
2015-04-28,1820
2015-04-29,1665
2015-04-30,1720
2015-05-01,1375
2015-05-02,187
2015-05-03,287
2015-05-04,1523
2015-05-05,1873
2015-05-06,1716
2015-05-07,1822
2015-05-08,1215
2015-05-09,210
2015-05-10,386
2015-05-11,1521
2015-05-12,1315
2015-05-13,1244
2015-05-14,1310
2015-05-15,1088
2015-05-16,190
2015-05-17,216
2015-05-18,1258
2015-05-19,1279
2015-05-20,1241
2015-05-21,1241
2015-05-22,984
2015-05-23,174
2015-05-24,222
2015-05-25,304
2015-05-26,1265
2015-05-27,1195
2015-05-28,1150
2015-05-29,1035
2015-05-30,134
2015-05-31,242
2015-06-01,1073
2015-06-02,1195
2015-06-03,937
2015-06-04,1114
2015-06-05,958
2015-06-06,105
2015-06-07,190
2015-06-08,1158
2015-06-09,1253
2015-06-10,1190
2015-06-11,1097
2015-06-12,941
2015-06-13,165
2015-06-14,158
2015-06-15,979
2015-06-16,1146
2015-06-17,1123
2015-06-18,1040
2015-06-19,830
2015-06-20,105
2015-06-21,158
2015-06-22,1002
2015-06-23,1092
2015-06-24,1025
2015-06-25,1056
2015-06-26,993
2015-06-27,136
2015-06-28,172
2015-06-29,1229
2015-06-30,1159
2015-07-01,1148
2015-07-02,1017
2015-07-03,272
2015-07-04,100
2015-07-05,138
2015-07-06,1250
2015-07-07,1249
2015-07-08,1132
2015-07-09,1123
2015-07-10,913
2015-07-11,169
2015-07-12,239
2015-07-13,1002
2015-07-14,1231
2015-07-15,1086
2015-07-16,1204
2015-07-17,1088
2015-07-18,114
2015-07-19,250
2015-07-20,1179
2015-07-21,1499
2015-07-22,1369
2015-07-23,1604
2015-07-24,1149
2015-07-25,13
2015-07-26,151
2015-07-27,1493
2015-07-28,1675
2015-07-29,1333
2015-07-30,1600
2015-07-31,1229
2015-08-01,199
2015-08-02,150
2015-08-03,1207
2015-08-04,1827
2015-08-05,1797
2015-08-06,1857
2015-08-07,1173
2015-08-08,224
2015-08-09,303
2015-08-10,1360
2015-08-11,1417
2015-08-12,1165
2015-08-13,1116
2015-08-14,972
2015-08-15,123
2015-08-16,90
2015-08-17,991
2015-08-18,1162
2015-08-19,1007
2015-08-20,797
2015-08-21,890
2015-08-22,131
2015-08-23,90
2015-08-24,907
2015-08-25,1252
2015-08-26,1016
2015-08-27,1020
2015-08-28,756
2015-08-29,5
2015-08-30,102
2015-08-31,1025
2015-09-01,1061
2015-09-02,929
2015-09-03,962
2015-09-04,897
2015-09-05,15
2015-09-06,130
2015-09-07,252
2015-09-08,946
2015-09-09,1289
2015-09-10,1060
2015-09-11,889
2015-09-12,94
2015-09-13,32
2015-09-14,778
2015-09-15,950
2015-09-16,915
2015-09-17,1024
2015-09-18,420
2015-09-19,90
2015-09-20,116
2015-09-21,938
2015-09-22,877
2015-09-23,475
2015-09-24,822
2015-09-25,820
2015-09-26,110
2015-09-27,69
2015-09-28,967
2015-09-29,1069
2015-09-30,825
2015-10-01,806
2015-10-02,571
2015-10-03,81
2015-10-04,102
2015-10-05,679
2015-10-06,987
2015-10-07,1152
2015-10-08,1248
2015-10-09,965
2015-10-10,114
2015-10-11,117
2015-10-12,1073
2015-10-13,1243
2015-10-14,1116
2015-10-15,1093
2015-10-16,1046
2015-10-17,105
2015-10-18,164
2015-10-19,1281
2015-10-20,1283
2015-10-21,1445
2015-10-22,1318
2015-10-23,6
2015-10-24,25
2015-10-29,32
2015-10-30,80
2015-11-04,2
2015-11-05,278
2015-11-06,25
2015-11-09,10
2015-11-10,42
2015-11-15,29
2015-11-16,127
2015-11-17,202
2015-11-18,338
2015-11-19,3600
2015-11-20,108
2015-11-21,3
2015-11-22,14
2015-11-23,122
2015-11-24,394
2015-11-25,830
2015-11-26,295
2015-11-27,461
2015-11-28,126
2015-11-29,234
2015-11-30,1057
2015-12-01,1199
2015-12-02,1132
2015-12-03,980
2015-12-04,741
2015-12-05,133
2015-12-06,197
2015-12-07,1082
2015-12-08,1065
2015-12-09,957
2015-12-10,879
2015-12-11,754
2015-12-12,138
2015-12-13,91
2015-12-14,936
2015-12-15,912
2015-12-16,968
2015-12-17,817
2015-12-18,697
2015-12-19,90
2015-12-20,143
2015-12-21,868
2015-12-22,977
2015-12-23,701
2015-12-24,403
2015-12-25,31
2015-12-26,65
2015-12-27,166
2015-12-28,186
2015-12-29,305
2015-12-30,597
2015-12-31,588
2016-01-01,112
2016-01-02,118
2016-01-03,428
2016-01-04,1029
2016-01-05,1023
2016-01-06,856
2016-01-07,872
2016-01-08,928
2016-01-09,138
2016-01-10,214
2016-01-11,932
2016-01-12,898
2016-01-13,809
2016-01-14,918
2016-01-15,678
2016-01-16,208
2016-01-17,129
2016-01-18,440
2016-01-19,206
2016-01-20,897
2016-01-21,906
2016-01-22,767
2016-01-23,101
2016-01-24,359
2016-01-25,899
2016-01-26,973
2016-01-27,995
2016-01-28,1025
2016-01-29,726
2016-01-30,83
2016-01-31,332
2016-02-01,1071
2016-02-02,962
2016-02-03,1156
2016-02-04,1156
2016-02-05,786
2016-02-06,132
2016-02-07,252
2016-02-08,1159
2016-02-09,1086
2016-02-10,1145
2016-02-11,1249
2016-02-12,722
2016-02-13,135
2016-02-14,329
2016-02-15,488
2016-02-16,1202
2016-02-17,1140
2016-02-18,1046
2016-02-19,909
2016-02-20,186
2016-02-21,219
2016-02-22,1216
2016-02-23,1216
2016-02-24,1174
2016-02-25,1162
2016-02-26,901
2016-02-27,135
2016-02-28,284
2016-02-29,1091
2016-03-01,1210
2016-03-02,1125
2016-03-03,909
2016-03-04,758
2016-03-05,14
2016-03-06,33
2016-03-07,191
2016-03-08,512
2016-03-09,530
2016-03-10,556
2016-03-11,420
2016-03-12,192
2016-03-13,246
2016-03-14,546
2016-03-15,442
2016-03-16,429
2016-03-17,566
2016-03-18,679
2016-03-19,193
2016-03-20,148
2016-03-21,909
2016-03-22,689
2016-03-23,650
2016-03-24,626
2016-03-25,183
2016-03-26,84
2016-03-27,149
2016-03-28,782
2016-03-29,680
2016-03-30,563
2016-03-31,664
2016-04-01,712
2016-04-02,170
2016-04-03,207
2016-04-04,801
2016-04-05,804
2016-04-06,792
2016-04-07,688
2016-04-08,567
2016-04-09,124
2016-04-10,112
2016-04-11,751
2016-04-12,787
2016-04-13,769
2016-04-14,727
2016-04-15,634
2016-04-16,273
2016-04-17,186
2016-04-18,795
2016-04-19,771
2016-04-20,708
2016-04-21,680
2016-04-22,611
2016-04-23,124
2016-04-24,210
2016-04-25,755
2016-04-26,634
2016-04-27,579
2016-04-28,650
2016-04-29,554
2016-04-30,171
2016-05-01,400
2016-05-02,1023
2016-05-03,794
2016-05-04,872
2016-05-05,685
2016-05-06,619
2016-05-07,194
2016-05-08,461
2016-05-09,960
2016-05-10,815
2016-05-11,767
2016-05-12,633
2016-05-13,801
2016-05-14,128
2016-05-15,259
2016-05-16,689
2016-05-17,871
2016-05-18,693
2016-05-19,712
2016-05-20,542
2016-05-21,149
2016-05-22,369
2016-05-23,774
2016-05-24,631
2016-05-25,963
2016-05-26,743
2016-05-27,642
2016-05-28,85
2016-05-29,93
2016-05-30,248
2016-05-31,864
2016-06-01,805
2016-06-02,734
2016-06-03,727
2016-06-04,125
2016-06-05,209
2016-06-06,857
2016-06-07,838
2016-06-08,782
2016-06-09,762
2016-06-10,640
2016-06-11,93
2016-06-12,137
2016-06-13,519
2016-06-14,678
2016-06-15,796
2016-06-16,660
2016-06-17,641
2016-06-18,173
2016-06-19,247
2016-06-20,808
2016-06-21,701
2016-06-22,712
2016-06-23,619
2016-06-24,733
2016-06-25,128
2016-06-26,310
2016-06-27,939
2016-06-28,968
2016-06-29,826
2016-06-30,694
2016-07-01,857
2016-07-02,173
2016-07-03,229
2016-07-04,586
2016-07-05,1148
2016-07-06,983
2016-07-07,810
2016-07-08,617
2016-07-09,64
2016-07-10,280
2016-07-11,964
2016-07-12,847
2016-07-13,850
2016-07-14,697
2016-07-15,651
2016-07-16,235
2016-07-17,257
2016-07-18,870
2016-07-19,926
2016-07-20,861
2016-07-21,923
2016-07-22,547
2016-07-23,7
2016-07-24,188
2016-07-25,1035
2016-07-26,1105
2016-07-27,1379
2016-07-28,1161
2016-07-29,820
2016-07-30,191
2016-07-31,494
2016-08-01,1057
2016-08-02,1508
2016-08-03,1554
2016-08-04,1358
2016-08-05,966
2016-08-06,209
2016-08-07,424
2016-08-08,748
2016-08-09,1328
2016-08-10,906
2016-08-11,1011
2016-08-12,634
2016-08-13,160
2016-08-14,275
2016-08-15,890
2016-08-16,904
2016-08-17,884
2016-08-18,750
2016-08-19,618
2016-08-20,137
2016-08-21,249
2016-08-22,814
2016-08-23,734
2016-08-24,545
2016-08-25,94
2016-08-26,778
2016-08-27,163
2016-08-28,229
2016-08-29,788
2016-08-30,757
2016-08-31,612
2016-09-01,735
2016-09-02,542
2016-09-03,137
2016-09-04,238
2016-09-05,270
2016-09-06,789
2016-09-07,683
2016-09-08,828
2016-09-09,712
2016-09-10,344
2016-09-11,201
2016-09-12,691
2016-09-13,730
2016-09-14,610
2016-09-15,494
2016-09-16,672
2016-09-17,127
2016-09-18,137
2016-09-19,825
2016-09-20,738
2016-09-21,698
2016-09-22,645
2016-09-23,491
2016-09-24,110
2016-09-25,150
2016-09-26,717
2016-09-27,695
2016-09-28,618
2016-09-29,541
2016-09-30,575
2016-10-01,188
2016-10-02,142
2016-10-03,811
2016-10-04,821
2016-10-05,720
2016-10-06,651
2016-10-07,663
2016-10-08,145
2016-10-09,216
2016-10-10,919
2016-10-11,615
2016-10-12,596
2016-10-13,601
2016-10-14,666
2016-10-15,132
2016-10-16,266
2016-10-17,872
2016-10-18,841
2016-10-19,978
2016-10-20,828
2016-10-21,373
2016-10-23,3
2016-10-24,773
2016-10-25,1193
2016-10-26,1212
2016-10-27,1311
2016-10-28,783
2016-10-29,180
2016-10-30,376
2016-10-31,1228
2016-11-01,1538
2016-11-02,1416
2016-11-03,1418
2016-11-04,937
2016-11-05,198
2016-11-06,396
2016-11-07,1271
2016-11-08,1131
2016-11-09,1369
2016-11-10,880
2016-11-11,770
2016-11-12,103
2016-11-13,267
2016-11-14,1334
2016-11-15,1034
2016-11-16,834
2016-11-17,956
2016-11-18,813
2016-11-19,150
2016-11-20,309
2016-11-21,1037
2016-11-22,1049
2016-11-23,592
2016-11-24,271
2016-11-25,530
2016-11-26,126
2016-11-27,380
2016-11-28,929
2016-11-29,927
2016-11-30,1147
2016-12-01,997
2016-12-02,1025
2016-12-03,113
2016-12-04,309
2016-12-05,1032
2016-12-06,942
2016-12-07,852
2016-12-08,971
2016-12-09,884
2016-12-10,136
2016-12-11,283
2016-12-12,910
2016-12-13,988
2016-12-14,1114
2016-12-15,855
2016-12-16,851
2016-12-17,193
2016-12-18,281
2016-12-19,1221
2016-12-20,1001
2016-12-21,797
2016-12-22,744
2016-12-23,676
2016-12-24,60
2016-12-25,217
2016-12-26,193
2016-12-27,559
2016-12-28,547
2016-12-29,691
2016-12-30,670
2016-12-31,64
2017-01-01,415
2017-01-02,433
2017-01-03,1058
2017-01-04,1047
2017-01-05,869
2017-01-06,882
2017-01-07,148
2017-01-08,509
2017-01-09,1257
2017-01-10,1267
2017-01-11,1147
2017-01-12,1080
2017-01-13,937
2017-01-14,209
2017-01-15,202
2017-01-16,471
2017-01-17,1309
2017-01-18,1310
2017-01-19,1193
2017-01-20,1156
2017-01-21,129
2017-01-22,168
2017-01-23,1277
2017-01-24,1335
2017-01-25,1243
2017-01-26,1318
2017-01-27,1046
2017-01-28,181
2017-01-29,344
2017-01-30,1398
2017-01-31,1446
2017-02-01,1420
2017-02-02,1267
2017-02-03,1062
2017-02-04,139
2017-02-05,224
2017-02-06,1149
2017-02-07,1442
2017-02-08,1543
2017-02-09,1381
2017-02-10,1190
2017-02-11,189
2017-02-12,347
2017-02-13,1349
2017-02-14,1418
2017-02-15,1434
2017-02-16,1165
2017-02-17,681
2017-02-18,152
2017-02-19,153
2017-02-20,601
2017-02-21,1265
2017-02-22,1221
2017-02-23,1431
2017-02-24,972
2017-02-25,217
2017-02-26,415
2017-02-27,1434
2017-02-28,1473
2017-03-01,1439
2017-03-02,1257
2017-03-03,898
2017-03-04,61
2017-03-05,263
2017-03-06,995
2017-03-07,1114
2017-03-08,1247
2017-03-09,1182
2017-03-10,757
2017-03-11,113
2017-03-12,147
2017-03-13,961
2017-03-14,1146
2017-03-15,894
2017-03-16,844
2017-03-17,599
2017-03-18,200
2017-03-19,156
2017-03-20,752
2017-03-21,818
2017-03-22,722
2017-03-23,816
2017-03-24,702
2017-03-25,98
2017-03-26,31
2017-03-27,180
2017-03-28,138
2017-03-29,131
2017-03-30,124
2017-03-31,93
2017-04-01,3
2017-04-02,31
2017-04-03,163
2017-04-04,221
2017-04-05,195
2017-04-06,196
2017-04-07,232
2017-04-08,5
2017-04-09,18
2017-04-10,157
2017-04-11,209
2017-04-12,189
2017-04-13,210
2017-04-14,124
2017-04-15,7
2017-04-16,10
2017-04-17,223
2017-04-18,270
2017-04-19,255
2017-04-20,211
2017-04-21,196
2017-04-22,21
2017-04-23,18
2017-04-24,231
2017-04-25,230
2017-04-26,190
2017-04-27,235
2017-04-28,225
2017-04-29,5
2017-04-30,27
2017-05-01,228
2017-05-02,253
2017-05-03,255
2017-05-04,378
2017-05-05,317
2017-05-06,9
2017-05-07,22
2017-05-08,239
2017-05-09,256
2017-05-10,206
2017-05-11,268
2017-05-12,178
2017-05-13,2
2017-05-14,19
2017-05-15,370
2017-05-16,242
2017-05-17,184
2017-05-18,193
2017-05-19,130
2017-05-20,4
2017-05-21,22
2017-05-22,134
2017-05-23,292
2017-05-24,223
2017-05-25,258
2017-05-26,206
2017-05-27,11
2017-05-29,21
2017-05-30,192
2017-05-31,157
2017-06-01,166
2017-06-02,186
2017-06-03,8
2017-06-04,15
2017-06-05,300
2017-06-06,324
2017-06-07,350
2017-06-08,166
2017-06-09,140
2017-06-10,3
2017-06-11,24
2017-06-12,286
2017-06-13,247
2017-06-14,309
2017-06-15,288
2017-06-16,279
2017-06-17,7
2017-06-18,12
2017-06-19,330
2017-06-20,303
2017-06-21,309
2017-06-22,308
2017-06-23,253
2017-06-24,6
2017-06-25,13
2017-06-26,203
2017-06-27,250
2017-06-28,106
2017-06-29,328
2017-06-30,245
2017-07-02,14
2017-07-03,222
2017-07-04,94
2017-07-05,316
2017-07-06,339
2017-07-07,430
2017-07-08,1
2017-07-09,16
2017-07-10,393
2017-07-11,397
2017-07-12,361
2017-07-13,339
2017-07-14,432
2017-07-15,2
2017-07-16,13
2017-07-17,417
2017-07-18,413
2017-07-19,416
2017-07-20,431
2017-07-21,454
2017-07-22,12
2017-07-23,12
2017-07-24,418
2017-07-25,519
2017-07-26,622
2017-07-27,538
2017-07-28,790
2017-07-29,14
2017-07-30,4
2017-07-31,543
2017-08-01,536
2017-08-02,614
2017-08-03,684
2017-08-04,635
2017-08-05,3
2017-08-06,15
2017-08-07,596
2017-08-08,548
2017-08-09,522
2017-08-10,566
2017-08-11,631
2017-08-12,4
2017-08-13,13
2017-08-14,592
2017-08-15,495
2017-08-16,453
2017-08-17,426
2017-08-18,431
2017-08-20,10
2017-08-21,343
2017-08-22,363
2017-08-23,348
2017-08-24,336
2017-08-25,366
2017-08-26,11
2017-08-27,16
2017-08-28,388
2017-08-29,428
2017-08-30,472
2017-08-31,368
2017-09-01,305
2017-09-02,4
2017-09-03,4
2017-09-04,75
2017-09-05,386
2017-09-06,385
2017-09-07,352
2017-09-08,442
2017-09-09,1
2017-09-10,13
2017-09-11,433
2017-09-12,407
2017-09-13,360
2017-09-14,282
2017-09-15,304
2017-09-16,6
2017-09-17,5
2017-09-18,320
2017-09-19,348
2017-09-20,322
2017-09-21,348
2017-09-22,307
2017-09-23,17
2017-09-24,8
2017-09-25,286
2017-09-26,329
2017-09-27,278
2017-09-28,304
2017-09-29,357
2017-09-30,10
2017-10-01,3
2017-10-02,304
2017-10-03,443
2017-10-04,332
2017-10-05,348
2017-10-06,343
2017-10-07,1
2017-10-08,9
2017-10-09,306
2017-10-10,361
2017-10-11,413
2017-10-12,363
2017-10-13,449
2017-10-14,3
2017-10-15,6
2017-10-16,383
2017-10-17,446
2017-10-18,417
2017-10-19,406
2017-10-20,557
2017-10-21,8
2017-10-22,13
2017-10-23,495
2017-10-24,518
2017-10-25,508
2017-10-26,643
2017-10-27,607
2017-10-28,4
2017-10-29,9
2017-10-30,505
2017-10-31,429
2017-11-01,445
2017-11-02,432
2017-11-03,550
2017-11-04,7
2017-11-05,5
2017-11-06,507
2017-11-07,531
2017-11-08,449
2017-11-09,435
2017-11-10,335
2017-11-11,4
2017-11-12,1
2017-11-13,454
2017-11-14,490
2017-11-15,473
2017-11-16,524
2017-11-17,1013
2017-11-18,158
2017-11-19,155
2017-11-20,1296
2017-11-21,1123
2017-11-22,972
2017-11-23,376
2017-11-24,624
2017-11-25,195
2017-11-26,204
2017-11-27,1053
2017-11-28,1056
2017-11-29,1536
2017-11-30,896
2017-12-01,907
2017-12-02,113
2017-12-03,139
2017-12-04,1370
2017-12-05,1021
2017-12-06,1046
2017-12-07,884
2017-12-08,809
2017-12-09,177
2017-12-10,228
2017-12-11,965
2017-12-12,817
2017-12-13,831
2017-12-14,912
2017-12-15,1014
2017-12-16,228
2017-12-17,294
2017-12-18,960
2017-12-19,1035
2017-12-20,934
2017-12-21,923
2017-12-22,735
2017-12-23,135
2017-12-24,268
2017-12-25,274
2017-12-26,984
2017-12-27,737
2017-12-28,697
2017-12-29,745
2017-12-30,169
2017-12-31,256
2018-01-01,214
2018-01-02,1078
2018-01-03,1070
2018-01-04,1121
2018-01-05,858
2018-01-06,184
2018-01-07,180
2018-01-08,1273
2018-01-09,964
2018-01-10,1156
2018-01-11,1130
2018-01-12,1056
2018-01-13,124
2018-01-14,236
2018-01-15,527
2018-01-16,1313
2018-01-17,1190
2018-01-18,1285
2018-01-19,1056
2018-01-20,121
2018-01-21,205
2018-01-22,1192
2018-01-23,1277
2018-01-24,1291
2018-01-25,1289
2018-01-26,1041
2018-01-27,116
2018-01-28,194
2018-01-29,1278
2018-01-30,1288
2018-01-31,1530
2018-02-01,1594
2018-02-02,1156
2018-02-03,73
2018-02-04,233
2018-02-05,1351
2018-02-06,1414
2018-02-07,1709
2018-02-08,1364
2018-02-09,1247
2018-02-10,136
2018-02-11,293
2018-02-12,1185
2018-02-13,1504
2018-02-14,1588
2018-02-15,1484
2018-02-16,975
2018-02-17,144
2018-02-18,196
2018-02-19,568
2018-02-20,1640
2018-02-21,1576
2018-02-22,1444
2018-02-23,1072
2018-02-24,161
2018-02-25,293
2018-02-26,1366
2018-02-27,1499
2018-02-28,1406
2018-03-01,1340
2018-03-02,1021
2018-03-03,287
2018-03-04,195
2018-03-05,1298
2018-03-06,1282
2018-03-07,1182
2018-03-08,1418
2018-03-09,1055
2018-03-10,208
2018-03-11,230
2018-03-12,1124
2018-03-13,989
2018-03-14,1162
2018-03-15,1250
2018-03-16,899
2018-03-17,127
2018-03-18,284
2018-03-19,990
2018-03-20,901
2018-03-21,723
2018-03-22,960
2018-03-23,804
2018-03-24,122
2018-03-25,279
2018-03-26,1007
2018-03-27,993
2018-03-28,1032
2018-03-29,1108
2018-03-30,274
2018-03-31,220
2018-04-01,135
2018-04-02,1262
2018-04-03,1153
2018-04-04,1032
2018-04-05,1029
2018-04-06,943
2018-04-07,130
2018-04-08,221
2018-04-09,1149
2018-04-10,1121
2018-04-11,1120
2018-04-12,1012
2018-04-13,979
2018-04-14,124
2018-04-15,288
2018-04-16,965
2018-04-17,1160
2018-04-18,1196
2018-04-19,1186
2018-04-20,1044
2018-04-21,131
2018-04-22,282
2018-04-23,1375
2018-04-24,1510
2018-04-25,1631
2018-04-26,1659
2018-04-27,1230
2018-04-28,202
2018-04-29,355
2018-04-30,1294
2018-05-01,1752
2018-05-02,1962
2018-05-03,1706
2018-05-04,1163
2018-05-05,189
2018-05-06,370
2018-05-07,1530
2018-05-08,1637
2018-05-09,1433
2018-05-10,1538
2018-05-11,1312
2018-05-12,193
2018-05-13,335
2018-05-14,1208
2018-05-15,1478
2018-05-16,1376
2018-05-17,1148
2018-05-18,1017
2018-05-19,153
2018-05-20,140
2018-05-21,1212
2018-05-22,1158
2018-05-23,1102
2018-05-24,806
2018-05-25,1008
2018-05-26,221
2018-05-27,237
2018-05-28,439
2018-05-29,1119
2018-05-30,1195
2018-05-31,1214
2018-06-01,1060
2018-06-02,130
2018-06-03,169
2018-06-04,1229
2018-06-05,957
2018-06-06,1014
2018-06-07,1131
2018-06-08,1024
2018-06-09,127
2018-06-10,69
2018-06-11,346
2018-06-12,1214
2018-06-13,1096
2018-06-14,904
2018-06-15,991
2018-06-16,186
2018-06-17,166
2018-06-18,1007
2018-06-19,1190
2018-06-20,1108
2018-06-21,1203
2018-06-22,931
2018-06-23,143
2018-06-24,137
2018-06-25,1027
2018-06-26,1139
2018-06-27,1019
2018-06-28,938
2018-06-29,788
2018-06-30,109
2018-07-01,344
2018-07-02,1149
2018-07-03,1039
2018-07-04,319
2018-07-05,951
2018-07-06,893
2018-07-07,188
2018-07-08,198
2018-07-09,1214
2018-07-10,1087
2018-07-11,1264
2018-07-12,975
2018-07-13,1037
2018-07-14,111
2018-07-15,227
2018-07-16,1386
2018-07-17,1081
2018-07-18,1147
2018-07-19,1228
2018-07-20,1171
2018-07-21,145
2018-07-22,321
2018-07-23,1207
2018-07-24,1591
2018-07-25,1729
2018-07-26,2010
2018-07-27,1252
2018-07-28,289
2018-07-29,326
2018-07-30,1707
2018-07-31,1825
2018-08-01,2123
2018-08-02,1980
2018-08-03,1428
2018-08-04,239
2018-08-05,378
2018-08-06,1659
2018-08-07,1662
2018-08-08,1654
2018-08-09,1578
2018-08-10,1632
2018-08-11,211
2018-08-12,338
2018-08-13,1374
2018-08-14,1430
2018-08-15,1277
2018-08-16,1224
2018-08-17,970
2018-08-18,322
2018-08-19,298
2018-08-20,1166
2018-08-21,1336
2018-08-22,1368
2018-08-23,1172
2018-08-24,947
2018-08-25,122
2018-08-26,244
2018-08-27,988
2018-08-28,1107
2018-08-29,1061
2018-08-30,1095
2018-08-31,1007
2018-09-01,180
2018-09-02,280
2018-09-03,487
2018-09-04,1063
2018-09-05,1195
2018-09-06,1221
2018-09-07,1031
2018-09-08,156
2018-09-09,110
2018-09-10,1109
2018-09-11,993
2018-09-12,1047
2018-09-13,1056
2018-09-14,813
2018-09-15,134
2018-09-16,137
2018-09-17,1146
2018-09-18,1064
2018-09-19,967
2018-09-20,1116
2018-09-21,841
2018-09-22,243
2018-09-23,151
2018-09-24,1035
2018-09-25,1154
2018-09-26,1020
2018-09-27,1125
2018-09-28,914
2018-09-29,166
2018-09-30,180
2018-10-01,1051
2018-10-02,1054
2018-10-03,1196
2018-10-04,1121
2018-10-05,1103
2018-10-06,147
2018-10-07,234
2018-10-08,1260
2018-10-09,1329
2018-10-10,1186
2018-10-11,1250
2018-10-12,962
2018-10-13,208
2018-10-14,210
2018-10-15,1123
2018-10-16,1166
2018-10-17,1180
2018-10-18,1243
2018-10-19,1136
2018-10-20,136
2018-10-21,273
2018-10-22,1307
2018-10-23,1809
2018-10-24,1905
2018-10-25,1909
2018-10-26,1411
2018-10-27,178
2018-10-28,378
2018-10-29,1665
2018-10-30,1688
2018-10-31,1907
2018-11-01,1944
2018-11-02,1424
2018-11-03,233
2018-11-04,466
2018-11-05,1602
2018-11-06,1920
2018-11-07,1730
2018-11-08,1631
2018-11-09,1454
2018-11-10,246
2018-11-11,382
2018-11-12,1228
2018-11-13,1409
2018-11-14,1506
2018-11-15,1263
2018-11-16,1228
2018-11-17,193
2018-11-18,269
2018-11-19,1172
2018-11-20,1313
2018-11-21,1177
2018-11-22,372
2018-11-23,763
2018-11-24,183
2018-11-25,330
2018-11-26,1080
2018-11-27,1113
2018-11-28,1259
2018-11-29,1029
2018-11-30,1000
2018-12-01,217
2018-12-02,240
2018-12-03,1422
2018-12-04,1247
2018-12-05,1059
2018-12-06,1201
2018-12-07,1090
2018-12-08,163
2018-12-09,345
2018-12-10,1156
2018-12-11,1334
2018-12-12,1198
2018-12-13,887
2018-12-14,1082
2018-12-15,155
2018-12-16,259
2018-12-17,1132
2018-12-18,944
2018-12-19,1088
2018-12-20,967
2018-12-21,917
2018-12-22,154
2018-12-23,172
2018-12-24,742
2018-12-25,179
2018-12-26,738
2018-12-27,768
2018-12-28,746
2018-12-29,148
2018-12-30,239
2018-12-31,940
2019-01-01,228
2019-01-02,1205
2019-01-03,1219
2019-01-04,1134
2019-01-05,157
2019-01-06,297
2019-01-07,1252
2019-01-08,1223
2019-01-09,1326
2019-01-10,1194
2019-01-11,989
2019-01-12,188
2019-01-13,339
2019-01-14,1079
2019-01-15,1247
2019-01-16,1256
2019-01-17,1271
2019-01-18,959
2019-01-19,162
2019-01-20,279
2019-01-21,567
2019-01-22,1084
2019-01-23,1180
2019-01-24,1423
2019-01-25,1009
2019-01-26,209
2019-01-27,270
2019-01-28,1227
2019-01-29,1563
2019-01-30,1312
2019-01-31,1475
2019-02-01,1136
2019-02-02,167
2019-02-03,349
2019-02-04,1398
2019-02-05,1692
2019-02-06,1480
2019-02-07,1506
2019-02-08,1126
2019-02-09,164
2019-02-10,319
2019-02-11,1232
2019-02-12,1523
2019-02-13,1522
2019-02-14,1560
2019-02-15,1163
2019-02-16,239
2019-02-17,370
2019-02-18,907
2019-02-19,1392
2019-02-20,1515
2019-02-21,1592
2019-02-22,1233
2019-02-23,216
2019-02-24,410
2019-02-25,1305
2019-02-26,1374
2019-02-27,1309
2019-02-28,1249
2019-03-01,1134
2019-03-02,233
2019-03-03,324
2019-03-04,1241
2019-03-05,1069
2019-03-06,1199
2019-03-07,1314
2019-03-08,1251
2019-03-09,126
2019-03-10,299
2019-03-11,505
2019-03-12,1323
2019-03-13,1255
2019-03-14,956
2019-03-15,1128
2019-03-16,202
2019-03-17,218
2019-03-18,1200
2019-03-19,1041
2019-03-20,990
2019-03-21,952
2019-03-22,909
2019-03-23,232
2019-03-24,213
2019-03-25,953
2019-03-26,1126
2019-03-27,1070
2019-03-28,964
2019-03-29,1043
2019-03-30,210
2019-03-31,345
2019-04-01,1189
2019-04-02,1196
2019-04-03,1090
2019-04-04,1034
2019-04-05,1055
2019-04-06,161
2019-04-07,382
2019-04-08,1187
2019-04-09,1018
2019-04-10,1048
2019-04-11,1137
2019-04-12,1266
2019-04-13,228
2019-04-14,361
2019-04-15,1068
2019-04-16,1291
2019-04-17,1284
2019-04-18,1737
2019-04-19,511
2019-04-20,194
2019-04-21,361
2019-04-22,1264
2019-04-23,1535
2019-04-24,1767
2019-04-25,1748
2019-04-26,1303
2019-04-27,307
2019-04-28,364
2019-04-29,1507
2019-04-30,1732
2019-05-01,1904
2019-05-02,2140
2019-05-03,1749
2019-05-04,321
2019-05-05,563
2019-05-06,1862
2019-05-07,2015
2019-05-08,1737
2019-05-09,1643
2019-05-10,1409
2019-05-11,311
2019-05-12,417
2019-05-13,1509
2019-05-14,1472
2019-05-15,1507
2019-05-16,1243
2019-05-17,1007
2019-05-18,286
2019-05-19,433
2019-05-20,1092
2019-05-21,1101
2019-05-22,1214
2019-05-23,1213
2019-05-24,915
2019-05-25,449
2019-05-26,261
2019-05-27,534
2019-05-28,1069
2019-05-29,1389
2019-05-30,1253
2019-05-31,1125
2019-06-01,301
2019-06-02,417
2019-06-03,1666
2019-06-04,1071
2019-06-05,1151
2019-06-06,1345
2019-06-07,940
2019-06-08,228
2019-06-09,352
2019-06-10,1161
2019-06-11,1092
2019-06-12,1149
2019-06-13,1174
2019-06-14,1053
2019-06-15,316
2019-06-16,343
2019-06-17,1032
2019-06-18,1151
2019-06-19,1134
2019-06-20,1057
2019-06-21,993
2019-06-22,351
2019-06-23,277
2019-06-24,1078
2019-06-25,999
2019-06-26,1243
2019-06-27,1050
2019-06-28,946
2019-06-29,238
2019-06-30,304
2019-07-01,1075
2019-07-02,1070
2019-07-03,1102
2019-07-04,492
2019-07-05,817
2019-07-06,200
2019-07-07,277
2019-07-08,1092
2019-07-09,1049
2019-07-10,1065
2019-07-11,1152
2019-07-12,966
2019-07-13,285
2019-07-14,298
2019-07-15,1426
2019-07-16,1340
2019-07-17,1328
2019-07-18,1529
2019-07-19,1272
2019-07-20,246
2019-07-21,402
2019-07-22,1535
2019-07-23,1649
2019-07-24,1845
2019-07-25,2138
2019-07-26,1456
2019-07-27,349
2019-07-28,341
2019-07-29,1686
2019-07-30,2093
2019-07-31,2083
2019-08-01,2050
2019-08-02,1520
2019-08-03,272
2019-08-04,697
2019-08-05,1762
2019-08-06,1807
2019-08-07,2268
2019-08-08,2090
2019-08-09,1369
2019-08-10,395
2019-08-11,513
2019-08-12,1395
2019-08-13,1456
2019-08-14,1508
2019-08-15,1320
2019-08-16,1155
2019-08-17,345
2019-08-18,373
2019-08-19,1282
2019-08-20,1306
2019-08-21,1568
2019-08-22,1182
2019-08-23,1001
2019-08-24,539
2019-08-25,331
2019-08-26,1142
2019-08-27,1147
2019-08-28,1212
2019-08-29,1237
2019-08-30,913
2019-08-31,179
2019-09-01,379
2019-09-02,590
2019-09-03,1199
2019-09-04,1352
2019-09-05,1465
2019-09-06,1047
2019-09-07,476
2019-09-08,413
2019-09-09,1146
2019-09-10,1141
2019-09-11,1025
2019-09-12,1115
2019-09-13,1128
2019-09-14,282
2019-09-15,446
2019-09-16,1275
2019-09-17,1163
2019-09-18,1073
2019-09-19,1137
2019-09-20,1114
2019-09-21,332
2019-09-22,373
2019-09-23,1330
2019-09-24,1246
2019-09-25,1201
2019-09-26,1334
2019-09-27,837
2019-09-28,349
2019-09-29,218
2019-09-30,1046
2019-10-01,1151
2019-10-02,1140
2019-10-03,1083
2019-10-04,1115
2019-10-05,335
2019-10-06,277
2019-10-07,1285
2019-10-08,1155
2019-10-09,1343
2019-10-10,1351
2019-10-11,1260
2019-10-12,407
2019-10-13,320
2019-10-14,1313
2019-10-15,1480
2019-10-16,1848
2019-10-17,1676
2019-10-18,1585
2019-10-19,233
2019-10-20,264
2019-10-21,1522
2019-10-22,1910
2019-10-23,2041
2019-10-24,1961
2019-10-25,1686
2019-10-26,435
2019-10-27,420
2019-10-28,1506
2019-10-29,1758
2019-10-30,1847
2019-10-31,1896
2019-11-01,1441
2019-11-02,370
2019-11-03,745
2019-11-04,1739
2019-11-05,2073
2019-11-06,2402
2019-11-07,2398
2019-11-08,2019
2019-11-09,569
2019-11-10,495
2019-11-11,1403
2019-11-12,2027
2019-11-13,2311
2019-11-14,2595
2019-11-15,1795
2019-11-16,405
2019-11-17,468
2019-11-18,1528
2019-11-19,1443
2019-11-20,1356
2019-11-21,1611
2019-11-22,1053
2019-11-23,401
2019-11-24,350
2019-11-25,1308
2019-11-26,1239
2019-11-27,1357
2019-11-28,616
2019-11-29,775
2019-11-30,426
2019-12-01,453
2019-12-02,1507
2019-12-03,1533
2019-12-04,1551
2019-12-05,1596
2019-12-06,1329
2019-12-07,592
2019-12-08,654
2019-12-09,1458
2019-12-10,1696
2019-12-11,1618
2019-12-12,1522
2019-12-13,1387
2019-12-14,551
2019-12-15,601
2019-12-16,376
2019-12-17,473
2019-12-18,446
2019-12-19,351
2019-12-20,405
2019-12-21,16
2019-12-22,56
2019-12-23,305
2019-12-24,369
2019-12-25,48
2019-12-26,238
2019-12-27,329
2019-12-28,7
2019-12-29,51
2019-12-30,325
2019-12-31,310
2020-01-01,74
2020-01-02,224
2020-01-03,370
2020-01-04,24
2020-01-05,60
2020-01-06,315
2020-01-07,385
2020-01-08,427
2020-01-09,350
2020-01-10,353
2020-01-11,65
2020-01-12,83
2020-01-13,398
2020-01-14,399
2020-01-15,823
2020-01-16,743
2020-01-17,744
2020-01-18,51
2020-01-19,80
2020-01-20,430
2020-01-21,895
2020-01-22,848
2020-01-23,1005
2020-01-24,835
2020-01-25,60
2020-01-26,97
2020-01-27,923
2020-01-28,851
2020-01-29,1119
2020-01-30,999
2020-01-31,1113
2020-02-01,46
2020-02-02,70
2020-02-03,988
2020-02-04,1170
2020-02-05,1044
2020-02-06,1686
2020-02-07,1151
2020-02-08,33
2020-02-09,206
2020-02-10,1378
2020-02-11,1513
2020-02-12,986
2020-02-13,1533
2020-02-14,1398
2020-02-15,39
2020-02-16,135
2020-02-17,1800
2020-02-18,1158
2020-02-19,975
2020-02-20,883
2020-02-21,851
2020-02-22,108
2020-02-23,155
2020-02-24,1233
2020-02-25,948
2020-02-26,932
2020-02-27,948
2020-02-28,856
2020-02-29,309
2020-03-01,348
2020-03-02,784
2020-03-03,736
2020-03-04,719
2020-03-05,665
2020-03-06,610
2020-03-07,122
2020-03-08,117
2020-03-09,498
2020-03-10,566
2020-03-11,737
2020-03-12,694
2020-03-13,661
2020-03-14,72
2020-03-15,107
2020-03-16,731
2020-03-17,812
2020-03-18,895
2020-03-19,702
2020-03-20,682
2020-03-21,93
2020-03-22,74
2020-03-23,635
2020-03-24,602
2020-03-25,618
2020-03-26,578
2020-03-27,722
2020-03-28,129
2020-03-29,101
2020-03-30,637
2020-03-31,630
2020-04-01,713
2020-04-02,657
2020-04-03,711
2020-04-04,52
2020-04-05,2
2020-04-06,658
2020-04-07,815
2020-04-08,843
2020-04-09,808
2020-04-10,373
2020-04-11,59
2020-04-12,69
2020-04-13,858
2020-04-14,860
2020-04-15,1015
2020-04-16,971
2020-04-17,849
2020-04-18,58
2020-04-19,71
2020-04-20,864
2020-04-21,774
2020-04-22,1119
2020-04-23,1130
2020-04-24,970
2020-04-25,53
2020-04-26,102
2020-04-27,1188
2020-04-28,1289
2020-04-29,1155
2020-04-30,1480
2020-05-01,928
2020-05-02,62
2020-05-03,74
2020-05-04,1081
2020-05-05,1518
2020-05-06,1175
2020-05-07,763
2020-05-08,1437
2020-05-09,60
2020-05-10,93
2020-05-11,870
2020-05-12,1059
2020-05-13,1165
2020-05-14,1198
2020-05-15,1898
2020-05-16,71
2020-05-17,110
2020-05-18,853
2020-05-19,420
2020-05-20,539
2020-05-21,403
2020-05-22,328
2020-05-23,90
2020-05-24,99
2020-05-25,91
2020-05-26,362
2020-05-27,441
2020-05-28,882
2020-05-29,540
2020-05-30,113
2020-05-31,109
2020-06-01,372
2020-06-02,338
2020-06-03,334
2020-06-04,149
