ngram,count
earnings,846
analyst,583
auto,576
blog,551
stocks,511
parts,446
market,421
advance,413
stock,397
agilent,394
aaron,373
results,226
buy,224
dividend,196
buys,192
alliancebernstein,188
q1,188
beats,185
aap,182
new,182
technologies,175
q2,173
q4,170
aan,166
q3,163
estimates,157
aac,154
tale,147
tape,146
growth,143
zacks,143
management,138
holdings,137
revenue,128
aaon,126
report,113
beat,112
ceo,109
capital,107
investors,106
2019,104
portfolio,103
transcript,102
alcoa,102
week,99
reports,97
global,96
misses,95
strong,93
sales,92
rent,92
community,91
center,91
autozone,91
vetr,88
stars,88
sells,87
notable,84
revenues,84
losers,82
roundup,81
2018,81
highlights,80
retail,80
high,80
gainers,80
ab,79
shares,79
alert,75
best,75
corp,73
higher,72
industry,70
llc,70
value,68
open,68
announces,66
downgraded,64
talk,64
rank,63
asset,63
store,62
gains,61
street,60
group,59
additions,59
wall,58
miss,58
american,58
reilly,58
declares,58
reminds,57
thursday,57
watch,57
gas,56
oil,56
analysis,56
company,55
update,55
tuesday,55
