feature_space,algorithm,k,fit_n_rows,eval_n_rows,coverage_pct,n_clusters,silhouette_cosine,silhouette_euclidean,dbi,calinski_harabasz,inertia,negative_silhouette_pct,silhouette_p10,silhouette_p25,silhouette_median,silhouette_p75,silhouette_p90,largest_cluster_pct,top3_cluster_pct,top5_cluster_pct,min_cluster_size,median_cluster_size,max_cluster_size,normalized_entropy,gini,n_clusters_lt_100,n_clusters_lt_500,low_interpretability_clusters,publisher_warning_count,stock_warning_count,notes,base_score,silhouette_cosine_score,dbi_score,negative_silhouette_pct_score,normalized_entropy_score,largest_cluster_pct_score,n_clusters_lt_500_score,publisher_warning_count_score,stock_warning_count_score,mean_ARI,mean_NMI,mean_ARI_score,mean_NMI_score,final_score
text_768_l2,MiniBatchKMeans,40,100000,10000,100.0,40,0.0803915187716484,0.0550573617219924,3.2528701048583613,157.04059448512737,27008.345703125,40.93,-0.1245262891054153,-0.0548700923100113,0.0274152504280209,0.1356412209570408,0.3975395232439042,4.309,12.68,20.701,271,2475.0,4309,0.9745885078677898,0.23668,0,1,2,11,0,,0.9231663961441927,0.8532380500131322,0.9706127836366192,0.8672924719307933,0.9689541034176724,0.9322522961879216,0.9736842105263158,1.0,1.0,0.42581608313744124,0.6625645865836157,1.0,0.7529477923508697,1.09846117537928
text_768_l2,MiniBatchKMeans,64,100000,10000,100.0,64,0.0817523524165153,0.056259986013174,3.215361944963442,112.96373927201084,25536.798828125,41.44,-0.1260698184370994,-0.0569031834602355,0.028513366356492,0.1401512250304222,0.3888748943805696,2.642,7.510999999999999,11.97,266,1595.0,2642,0.9857881534597256,0.1817459374999999,0,2,2,25,0,,0.9138613207683004,0.8643288227580532,0.9860637957480634,0.8579053929688938,1.0,1.0,0.9473684210526315,0.6410256410256411,1.0,0.4082645035626108,0.6821701487474362,0.8224468843432582,1.0,1.0961060092026262
text_768_l2,MiniBatchKMeans,32,100000,10000,100.0,32,0.0826370939612388,0.0547694340348243,3.181531062323545,182.6719267006938,27811.400390625,39.39,-0.1130964912474155,-0.0481995772570371,0.0332026667892932,0.132998526096344,0.3999095320701599,7.19,18.73,28.456,507,3171.5,7190,0.96586062073054,0.2637743749999999,0,0,0,12,0,,0.9253616391911762,0.8715394523949173,1.0,0.8956377691882937,0.944760026987219,0.8151670324311143,1.0,0.9743589743589743,1.0,0.4126482061691647,0.6557574843071828,0.8667927537613243,0.6671706220236888,1.0787579767696776
text_768_l2,MiniBatchKMeans,48,100000,10000,100.0,48,0.0773665308952331,0.0534180179238319,3.2011511352594937,138.38427965061092,26409.4765625,42.46,-0.1352687105536461,-0.0608784165233373,0.0245434129610657,0.1322591416537761,0.4371561199426652,3.952,11.415,18.048,532,2134.5,3952,0.976646056832798,0.2345337499999999,0,0,2,16,0,,0.9125278634862023,0.82858444652529,0.9919177590846886,0.8391312350450948,0.9746577171486922,0.9467609526131837,1.0,0.8717948717948718,1.0,0.40761033191890894,0.6692318257392438,0.8158292341757417,0.8369625295238873,1.0778070398561652
text_pca128_lexical_w005_l2,MiniBatchKMeans,64,100000,10000,100.0,64,0.0983991548418998,0.0635015815496444,3.775245244084679,40.044849176047386,80364.546875,33.72,-0.0534757822751998,-0.0179742034524679,0.0369866974651813,0.1355639919638633,0.3429722458124161,3.057,8.933,14.513000000000002,485,1530.0,3057,0.973599371563251,0.2648278125000001,0,2,1,30,0,,0.9164559958359318,1.0,0.7554269513933135,1.0,0.9662121752767812,0.9831341949118102,0.9473684210526315,0.5128205128205128,1.0,0.326963525637057,0.6028121768014223,0.0,0.0,0.9164559958359318
text_pca128_only,MiniBatchKMeans,64,100000,10000,100.0,64,0.090165302157402,-0.0170776490122079,3.9910364772773295,33.100108390977915,10668071.0,35.22,-0.0572958275675773,-0.0195913631469011,0.0316079966723918,0.1313193440437317,0.3482102483510973,3.248,9.432,15.361,273,1550.5,3248,0.9697944034226827,0.2740556249999999,0,6,0,25,1,,0.8705296371051082,0.932894230471605,0.6665344819428257,0.9723909442297073,0.9556646408551391,0.9753718605218239,0.8421052631578947,0.6410256410256411,0.8888888888888888,,,,,0.8705296371051082
text_pca128_lexical_w003,MiniBatchKMeans,64,100000,10000,100.0,64,0.0828266739845275,-0.0187264494597911,3.9653227467258,33.49648920442761,10672096.0,34.52,-0.0616672590374946,-0.0204654531553387,0.0320387911051511,0.1194801684468984,0.3074101686477661,3.215,8.67,13.608999999999998,6,1569.5,3215,0.9685127929752532,0.2656653124999999,1,7,1,24,0,,0.8609809106355232,0.8730845265949878,0.6771269280477575,0.9852751702558439,0.9521119618812277,0.9767129968300414,0.8157894736842105,0.6666666666666666,1.0,,,,,0.8609809106355232
text_pca128_only,MiniBatchKMeans,48,100000,10000,100.0,48,0.087294153869152,-0.0271726995706558,4.232726218433313,38.391416061612645,10917804.0,37.12,-0.0579750411212444,-0.0224901549518108,0.0254934933036565,0.1146907918155193,0.3457526981830597,5.405,14.019,21.858,577,1826.5,5405,0.9620310892860454,0.3057183333333333,0,0,0,24,1,,0.8453049810643334,0.9094944172012147,0.5669734496694523,0.9374194735873367,0.9341444020365367,0.887710314557425,1.0,0.6666666666666666,0.8888888888888888,,,,,0.8453049810643334
text_pca128_lexical_w003,MiniBatchKMeans,48,100000,10000,100.0,48,0.0873729884624481,-0.0270760767161846,4.238725879479998,38.406038821810725,10918157.0,37.38,-0.0582748241722583,-0.0224105385132133,0.0256901625543832,0.1150161940604448,0.3465436816215516,5.412999999999999,13.977,21.764,577,1891.5,5413,0.9622023241736756,0.3048174999999999,0,0,0,24,1,,0.8444104782404559,0.9101369178933334,0.5645019651776352,0.9326339039204858,0.9346190724686512,0.8873851906039177,1.0,0.6666666666666666,0.8888888888888888,,,,,0.8444104782404559
text_pca128_lexical_w005_l2,MiniBatchKMeans,48,100000,10000,100.0,48,0.0831233859062194,0.0539698898792266,4.171123067116644,45.216431292929656,82941.484375,37.72,-0.0594010770320892,-0.024127131793648,0.0251862872391939,0.1108244676142931,0.3348766893148422,5.259,14.241,20.982,528,2038.0,5259,0.9648752187037216,0.29184875,0,0,0,25,0,,0.8432934255575654,0.875502724077543,0.5923500887731451,0.9263758512792196,0.9420284504238813,0.8936438267089327,1.0,0.6410256410256411,1.0,,,,,0.8432934255575654
text_pca128_lexical_w010,MiniBatchKMeans,64,100000,10000,100.0,64,0.0782553851604461,-0.0203164219856262,3.842128661632604,33.314220220220534,10669548.0,40.92,-0.0754244223237037,-0.0319946287199854,0.0187043379992246,0.1118267606943845,0.3342078834772111,3.5130000000000003,10.226,16.008,2,1514.0,3513,0.9567994875606356,0.3262387499999999,1,7,1,28,1,,0.8270791948922945,0.8358285947692846,0.7278751733939947,0.8674765323025952,0.919642178301533,0.9646021295618954,0.8157894736842105,0.5641025641025641,0.8888888888888888,,,,,0.8270791948922945
text_pca128_lexical_w005_l2,MiniBatchKMeans,40,100000,10000,100.0,40,0.078459694981575,0.0495602041482925,4.357277247224098,47.50917957112893,84802.0625,36.13,-0.0470621593296527,-0.0173551016487181,0.024019056931138,0.1037474162876606,0.3074342370033269,5.754,15.179,23.995,668,2470.5,5754,0.967347238518355,0.2764505000000001,0,0,2,20,1,,0.8255428484224774,0.8374937165894596,0.5156662285279552,0.9556414503957297,0.948880995076708,0.8735267820856701,1.0,0.7692307692307693,0.8888888888888888,,,,,0.8255428484224774
text_pca128_lexical_w005,MiniBatchKMeans,64,100000,10000,100.0,64,0.0748955234885215,-0.0242859460413455,3.850908461968436,32.33033323372593,10684465.0,40.98,-0.0711882062256336,-0.0311218006536364,0.0187053494155406,0.1104823146015405,0.2911994099617004,3.234,9.564,15.092,157,1651.5,3234,0.9627364762195656,0.304820625,0,7,1,29,0,,0.8247235245365161,0.8084457751290992,0.7242584456818102,0.8663721700717836,0.9360997647851903,0.9759408274404617,0.8157894736842105,0.5384615384615384,1.0,,,,,0.8247235245365161
text_pca128_lexical_w005,MiniBatchKMeans,48,100000,10000,100.0,48,0.0691611841320991,-0.0337854549288749,4.137560302236248,36.02707071782897,11029466.0,36.53,-0.0559218421578407,-0.0194811136461794,0.0211603520438075,0.0844376366585493,0.2859064817428591,4.718,13.59,20.421,266,2067.0,4718,0.9625630303602632,0.2919820833333333,0,5,1,19,0,,0.816552870864328,0.7617109998064632,0.6061758453048806,0.9482790355236517,0.9356189654450388,0.9156303340648622,0.868421052631579,0.7948717948717948,1.0,,,,,0.816552870864328
text_pca128_lexical_w005_l2,MiniBatchKMeans,32,100000,10000,100.0,32,0.071973830461502,0.0469486191868782,4.445203813341607,53.72503044562565,86086.578125,39.25,-0.0521062072366476,-0.0210173083469271,0.0167290242388844,0.0826942566782236,0.2970159441232682,9.745,21.446,32.035000000000004,681,3153.5,9745,0.948015533794688,0.3315537500000001,0,0,1,14,0,,0.7893798875094241,0.7846340230348428,0.4794459916033666,0.898214614393521,0.8952926827783964,0.7113305697797285,1.0,0.9230769230769231,1.0,,,,,0.7893798875094241
text_pca128_lexical_w005,MiniBatchKMeans,40,100000,10000,100.0,40,0.0682086944580078,-0.0292699672281742,4.398539965717718,39.78190561978015,11165457.0,38.78,-0.055332002043724,-0.0216584759764373,0.0200893022119998,0.0936242192983627,0.2576498806476594,5.453,15.817,24.576,1,2527.5,5453,0.95155819600949,0.319992,1,3,1,15,1,,0.7884895279529032,0.7539482239836597,0.498668573484835,0.9068654518682128,0.9051130939551624,0.8857595708363813,0.9210526315789473,0.8974358974358975,0.8888888888888888,,,,,0.7884895279529032
text_pca128_lexical_w010,MiniBatchKMeans,48,100000,10000,100.0,48,0.0695360228419303,-0.0356899164617061,4.330375794553738,36.60878881732447,11000961.0,42.2,-0.0674864418804645,-0.0305355004966259,0.0159048587083816,0.0999645143747329,0.3060114562511445,5.018000000000001,13.58,21.651,159,1961.5,5018,0.9565456302828006,0.3226591666666667,0,4,1,21,0,,0.7842182157574298,0.7647659293802717,0.5267479417388846,0.8439168047119454,0.9189384750700655,0.9034381858083393,0.8947368421052632,0.7435897435897436,1.0,,,,,0.7842182157574298
text_pca128_lexical_w003,MiniBatchKMeans,40,100000,10000,100.0,40,0.0611506849527359,-0.021371342241764,4.283661611820309,39.589586759512976,11230368.0,40.52,-0.0602316338568925,-0.0241799857467412,0.0157457776367664,0.0864697508513927,0.2403163388371469,6.2170000000000005,17.158,26.05,4,2853.5,6217,0.9362646032270044,0.3636255000000001,2,4,1,15,0,,0.7703375593003777,0.6964255578225653,0.5459912585321512,0.8748389471746733,0.8627186006651999,0.8547102332764366,0.8947368421052632,0.8974358974358975,1.0,,,,,0.7703375593003777
text_pca128_only,MiniBatchKMeans,40,100000,10000,100.0,40,0.0578501522541046,-0.0195104759186506,4.069813378910984,39.021542518498485,11170046.0,46.37,-0.0772445492446422,-0.037111259996891,0.0062321624718606,0.0852452125400304,0.2645918399095537,6.238,16.882,26.214,211,2650.5,6238,0.9381891382593412,0.3672185000000001,0,6,1,15,0,,0.7600558700486633,0.6695262683790851,0.6340833335886106,0.767163629670532,0.868053494085936,0.8538567828984801,0.8421052631578947,0.8974358974358975,1.0,,,,,0.7600558700486633
text_pca128_only,MiniBatchKMeans,32,100000,10000,100.0,32,0.0601499266922473,-0.0343993715941906,4.622240905187634,40.99984736305689,11398491.0,45.33,-0.0599071152508258,-0.0275512300431728,0.0068607656285166,0.0681215953081846,0.2274880334734917,7.177,18.439,28.626,580,3470.0,7177,0.9481643007656936,0.3252168749999999,0,0,0,12,0,,0.7450873386638912,0.6882693937818334,0.40651780056570513,0.7863059083379349,0.8957050711846896,0.8156953588555637,1.0,0.9743589743589743,1.0,,,,,0.7450873386638912
text_pca128_lexical_w003,MiniBatchKMeans,32,100000,10000,100.0,32,0.0560250505805015,-0.0319756232202053,4.776181707728018,40.00579808871829,11434661.0,38.43,-0.0497187905013561,-0.0194930345751345,0.0181270698085427,0.0783240534365177,0.1756958574056626,8.285,20.631,31.412000000000003,529,2863.5,8285,0.9488591679045174,0.33200625,0,0,0,12,0,,0.7387074022868112,0.6546517185216063,0.3431038338139238,0.9133075648812811,0.8976312726125201,0.7706656912948061,1.0,0.9743589743589743,1.0,,,,,0.7387074022868112
text_pca128_lexical_w005,MiniBatchKMeans,32,100000,10000,100.0,32,0.0548468753695488,-0.0462625175714492,4.508645758379606,41.06377123015229,11416396.0,44.8,-0.0590686969459056,-0.0271114557981491,0.0074669318273663,0.0616835700348019,0.2083315163850785,7.625,20.946,31.776,361,3125.5,7625,0.9370284046762642,0.3609625000000001,0,2,1,12,0,,0.732785695201219,0.645049609132509,0.45331188468098244,0.7960611080434383,0.864835890949834,0.7974884174591563,0.9473684210526315,0.9743589743589743,1.0,,,,,0.732785695201219
text_pca256_lexical_w005_l2,MiniBatchKMeans,64,100000,10000,100.0,64,0.0699793845415115,0.0467393845319747,4.771517455311338,25.52107326108875,86538.1640625,42.53,-0.0476834520697593,-0.0239680306985974,0.0133836809545755,0.0861979201436042,0.2419954270124436,5.362,14.525,21.813,284,1385.0,5362,0.949636171981774,0.3580246874999999,0,6,0,37,0,,0.7190437139365455,0.768379320239915,0.34502521360922295,0.837842812442481,0.899785161146629,0.8894578558075267,0.8421052631578947,0.3333333333333333,1.0,,,,,0.7190437139365455
text_pca128_lexical_w010,MiniBatchKMeans,40,100000,10000,100.0,40,0.049015499651432,-0.0317212045192718,4.1062778843866985,37.44680511111585,11240600.0,50.07,-0.0817013584077358,-0.043583414517343,-0.000111827517685,0.0664625037461519,0.2391915902495386,7.756,19.652,29.196,32,2301.0,7756,0.91417595636101,0.431011,1,7,0,21,0,,0.702066514606091,0.5975239889923557,0.6190622417162951,0.69906129210381,0.8014879268357533,0.7921645127204746,0.8157894736842105,0.7435897435897436,1.0,,,,,0.702066514606091
text_pca256_lexical_w005_l2,MiniBatchKMeans,48,100000,10000,100.0,48,0.0640827640891075,0.0429221391677856,5.1050927053961965,29.49260731495083,88210.5703125,45.39,-0.0455352656543254,-0.0243050218559801,0.006924616638571,0.0779605936259031,0.2383662730455399,5.794,16.528000000000002,26.046000000000003,389,1587.5,5794,0.9429558520119335,0.3730958333333334,0,1,1,27,0,,0.6953975529242217,0.7203219565442495,0.20761310798797847,0.7852015461071231,0.8812670284773365,0.8719011623181337,0.9736842105263158,0.5897435897435898,1.0,,,,,0.6953975529242217
text_pca256_lexical_w005_l2,MiniBatchKMeans,40,100000,10000,100.0,40,0.0576753430068492,0.0386877469718456,5.609084650682839,30.95615301324035,89634.09375,42.91,-0.0401838202029466,-0.0199507074430584,0.009664021898061,0.0576070602983236,0.2081354007124901,9.891,23.269,31.775,565,2019.5,9891,0.9356599340928188,0.3745645000000002,0,0,0,20,0,,0.6465187850188248,0.6681015757707464,0.0,0.8308485183140071,0.8610424319639357,0.7053970576282207,1.0,0.7692307692307693,1.0,,,,,0.6465187850188248
text_pca128_lexical_w010,MiniBatchKMeans,32,100000,10000,100.0,32,0.0363379158079624,-0.0572214238345623,4.516699650889699,38.77877442231525,11484724.0,53.97,-0.0979612097144126,-0.0528478994965553,-0.0073265023529529,0.0545887304469943,0.1973289310932159,12.425,26.61,38.139,2,2681.5,12425,0.9034742993206852,0.4358656249999999,1,7,1,15,0,,0.6225519465381572,0.494201880597279,0.4499941855172181,0.6272777471010491,0.7718224758171345,0.6024140453547915,0.8157894736842105,0.8974358974358975,1.0,,,,,0.6225519465381572
text_pca256_lexical_w005_l2,MiniBatchKMeans,32,100000,10000,100.0,32,0.0474493093788623,0.0334989130496978,5.545906051550415,33.980114272064114,90796.25,54.1,-0.0457572352141141,-0.0272378642112016,-0.0052000908181071,0.0463154772296547,0.16979368776083,10.53,25.634,39.665,524,2102.0,10530,0.9089969635778592,0.440943125,0,0,1,16,0,,0.5927615149148536,0.5847595629701906,0.02602562490705908,0.6248849622676237,0.7871315373387415,0.6794277818418273,1.0,0.8717948717948718,1.0,,,,,0.5927615149148536
text_pca256_lexical_w003,MiniBatchKMeans,48,100000,10000,100.0,48,0.0352567732334136,-0.0967112034559249,5.4338163120327065,19.97211280515892,23606864.0,56.88999999999999,-0.0654155805706977,-0.0400512022897601,-0.0107548553496599,0.0584070486947894,0.214549095928669,9.95,24.423,35.928,1,1213.5,9950,0.8790595292164223,0.5260129166666667,3,11,1,27,2,,0.5073576738563522,0.4853905856646405,0.07219957552763688,0.5735321185348795,0.7041436888844452,0.7029992684711046,0.7105263157894737,0.5897435897435898,0.7777777777777778,,,,,0.5073576738563522
text_pca256_lexical_w003,MiniBatchKMeans,64,100000,10000,100.0,64,0.032177198678255,-0.0948194488883018,4.420009768144568,17.050535450799533,23216638.0,66.92,-0.0947884649038314,-0.0617595221847295,-0.0300571024417877,0.0276428642682731,0.232171419262886,9.025,20.877,30.637,77,630.5,9025,0.8608505053404486,0.5807859375,3,28,0,42,2,,0.48673113489099473,0.46029210160588824,0.4898243598988598,0.3889195656175225,0.6536674959122618,0.7405917255953831,0.2631578947368421,0.20512820512820512,0.7777777777777778,,,,,0.48673113489099473
text_pca256_lexical_w010,MiniBatchKMeans,48,100000,10000,100.0,48,0.0360748767852783,-0.0959601551294326,4.859636894686303,21.037862467569973,23567558.0,67.38,-0.0917182929813861,-0.0588852856308221,-0.0288529070094227,0.0333782825618982,0.2626232624053956,10.711,28.349000000000004,40.2,3,734.5,10711,0.8373284439407399,0.5987450000000001,4,14,0,32,4,,0.48320171846038346,0.49205811671060584,0.30872552498545014,0.3804527885146328,0.5884633356891618,0.672071852393725,0.631578947368421,0.46153846153846156,0.5555555555555556,,,,,0.48320171846038346
text_pca256_only,MiniBatchKMeans,48,100000,10000,100.0,48,0.0227597523480653,-0.098409853875637,5.326425273033014,19.31234424313022,23661178.0,62.08,-0.0835110053420066,-0.0516175385564565,-0.0194285977631807,0.0376915205270051,0.1729647681117058,7.95,21.306,32.871,1,1441.0,7950,0.8841211517760111,0.5145179166666667,4,13,0,27,1,,0.4821293512187751,0.38354006253072187,0.11643795589322721,0.47800478556966686,0.718174723101896,0.7842802568479232,0.6578947368421053,0.5897435897435898,0.8888888888888888,,,,,0.4821293512187751
text_pca256_lexical_w005,MiniBatchKMeans,48,100000,10000,100.0,48,0.0366846732795238,-0.0984436720609664,4.607733986967635,20.2378070114191,23527008.0,68.14,-0.0894392780959606,-0.0622765030711889,-0.0353351682424545,0.041224842891097,0.2527269631624224,13.43,36.785,52.67,2,669.0,13430,0.7937806499063687,0.6555129166666667,2,20,0,35,2,,0.4672146644550963,0.4970279485220378,0.41249374206069944,0.36646420025768445,0.4677469881153529,0.5615703486954402,0.47368421052631576,0.38461538461538464,0.7777777777777778,,,,,0.4672146644550963
text_pca256_lexical_w010,MiniBatchKMeans,40,100000,10000,100.0,40,0.0256889257580041,-0.1093559563159942,5.175015325059176,20.07205864594449,23904812.0,70.49,-0.0794218264520168,-0.0547284474596381,-0.0292160175740718,0.0151573854964226,0.2094737365841866,10.474,29.074,42.76,1,1366.5,10474,0.8445752350595831,0.5786855000000002,2,12,0,27,1,,0.4569212166322977,0.40741277962780276,0.17880936911346898,0.32321001288422607,0.6085517506110887,0.6817036495163781,0.6842105263157895,0.5897435897435898,0.8888888888888888,,,,,0.4569212166322977
text_pca256_only,MiniBatchKMeans,64,100000,10000,100.0,64,0.0234559383243322,-0.1020518019795417,4.417451393632011,16.87543287341927,23309648.0,68.01,-0.094553080946207,-0.0635601729154586,-0.0315381661057472,0.0210937899537384,0.1941579997539521,9.518,21.885,31.886,1,566.5,9518,0.8497840828908372,0.5991028125,3,30,0,42,3,,0.4496576408667264,0.3892139672582409,0.49087824992412005,0.36885698509110976,0.6229908995783235,0.7205559619604974,0.21052631578947367,0.20512820512820512,0.6666666666666666,,,,,0.4496576408667264
text_pca256_lexical_w003,MiniBatchKMeans,40,100000,10000,100.0,40,0.0203581657260656,-0.115798071026802,4.937387930965753,19.74051674725749,23913258.0,74.16,-0.0795683033764362,-0.0558753442019224,-0.0311572272330522,0.0018076599808409,0.1487070888280869,12.026,29.105,45.113,1,634.5,12026,0.8119908887407251,0.6247555,3,16,0,26,1,,0.4283451487584237,0.3639671694351469,0.27669696889001116,0.25565985643291,0.5182265490041364,0.6186296025359669,0.5789473684210527,0.6153846153846154,0.8888888888888888,,,,,0.4283451487584237
text_pca256_only,MiniBatchKMeans,40,100000,10000,100.0,40,0.0186337381601333,-0.1130226925015449,4.908354105932178,19.419275030404265,23976928.0,70.38,-0.0866989612579345,-0.059903129003942,-0.034778332337737,0.0174860707484185,0.1692422911524772,16.341,46.136,59.283,1,845.0,16341,0.7698663317326783,0.6716000000000002,3,14,0,29,1,,0.4055214014034832,0.3499131119675251,0.28865708592833283,0.3252346769740475,0.40145547533821113,0.4432658701129805,0.631578947368421,0.5384615384615384,0.8888888888888888,,,,,0.4055214014034832
text_pca256_lexical_w005,MiniBatchKMeans,64,100000,10000,100.0,63,0.0153916599228978,-0.1033492907881736,4.161521216811662,15.897690422514216,23506970.0,76.01,-0.1103566862642765,-0.0783846005797386,-0.0497566349804401,-0.0048097496619448,0.2382297858595848,12.501,28.778,42.512,1,361.0,12501,0.7845691130389724,0.6937898412698413,8,36,2,47,5,,0.3653968884090765,0.32349022546257666,0.5963054495738398,0.2216086876495489,0.44221221394755234,0.5993253677964724,0.05263157894736842,0.07692307692307693,0.4444444444444444,,,,,0.3653968884090765
text_pca256_lexical_w005,MiniBatchKMeans,40,100000,10000,100.0,40,-0.0010767222847789,-0.1159632802009582,5.139660202075486,18.531296455604124,24067064.0,73.78,-0.0913847215473651,-0.0610251883044838,-0.0335001666098833,0.0035703940084204,0.1062877900898458,9.585,27.07,42.679,1,1257.0,9585,0.8238233832306743,0.6072785,5,16,0,26,4,,0.36460676710976125,0.1892731701812097,0.19337346489830615,0.2626541505613841,0.5510267297982886,0.717833048849874,0.5789473684210527,0.6153846153846154,0.5555555555555556,,,,,0.36460676710976125
text_pca256_only,MiniBatchKMeans,32,100000,10000,100.0,32,0.0059894067235291,-0.1176116243004798,5.262469144066465,19.008044141059163,24250056.0,79.25999999999999,-0.0827765613794326,-0.0574393654242157,-0.0347543582320213,-0.0082985069602727,0.1369090989232064,16.191,46.547,63.352,85,760.0,16191,0.7664670087238904,0.66511875,1,12,1,22,0,,0.3461201872300973,0.2468620101640013,0.14278387438220916,0.16178906681391508,0.3920324065710401,0.44936194424124204,0.6842105263157895,0.717948717948718,1.0,,,,,0.3461201872300973
text_pca256_lexical_w005,MiniBatchKMeans,32,100000,10000,100.0,32,0.0059435083530843,-0.1176011934876442,5.265153212882236,19.00404447788487,24252042.0,79.14,-0.0827221445739269,-0.0575565323233604,-0.034758323803544,-0.0082219559699296,0.1364698559045795,16.364,46.564,63.353,85,759.5,16364,0.7664082610828031,0.6652475,1,12,1,22,0,,0.3455403849234661,0.24648793916870687,0.14167820617836724,0.16399779127553832,0.3918695555973482,0.44233113874664715,0.6842105263157895,0.717948717948718,1.0,,,,,0.3455403849234661
text_pca256_lexical_w010,MiniBatchKMeans,32,100000,10000,100.0,32,-0.0044014770537614,-0.1202193349599838,5.300209689803478,18.876200031112987,24344960.0,80.63,-0.1048229999840259,-0.072179414331913,-0.0443335492163896,-0.0144619129132479,0.0827766947448254,21.039,46.592,64.02799999999999,2,944.5,21039,0.7486848439880968,0.6880481249999999,6,10,0,23,2,,0.2871997027656955,0.16217647124635629,0.12723713386204585,0.1365727958770477,0.3427394853919206,0.2523368284158335,0.7368421052631579,0.6923076923076923,0.7777777777777778,,,,,0.2871997027656955
text_pca256_lexical_w010,MiniBatchKMeans,64,100000,10000,100.0,64,-0.0169865656644105,-0.1115089207887649,3.8632358633213024,15.049656298930804,23629286.0,80.39,-0.1440085068345069,-0.1022100150585174,-0.069178394973278,-0.024996590334922,0.1517581060528755,16.052,38.424,51.732,1,340.5,16052,0.7357587186802214,0.7468521875,17,38,2,50,9,,0.2452493464128124,0.059608197540089856,0.719180328596371,0.14099024480029443,0.30690771319660554,0.4550109729334309,0.0,0.0,0.0,,,,,0.2452493464128124
text_pca256_lexical_w003,MiniBatchKMeans,32,100000,10000,100.0,32,-0.0243004690855741,-0.1308450698852539,4.907111762546931,18.04648159779767,24507994.0,88.05,-0.1199624344706535,-0.0818690154701471,-0.0539949610829353,-0.0312072071246802,0.0334090720862151,27.248,60.459,82.726,1,448.5,27248,0.6250433586609506,0.793110625,11,17,0,25,5,,0.1525002361984703,0.0,0.2891688535742477,0.0,0.0,0.0,0.5526315789473685,0.6410256410256411,0.4444444444444444,,,,,0.1525002361984703
