model_role,selected_for_final,selected_role,feature_space,algorithm,params,fit_n_rows,eval_n_rows,is_sample_run,coverage_pct,n_clusters,silhouette_cosine,silhouette_euclidean,dbi,negative_silhouette_pct,largest_cluster_pct,min_cluster_size,stability_ari_mean,stability_nmi_mean,warnings,reason
conservative full-coverage baseline,yes,conservative_full_coverage_baseline,text_768_original,minibatch_k16,k=16,100000,10000,False,100.0,16,0.0632315650582313,0.0419545881450176,3.085353016192505,,10.007,1205.0,0.43967488068842053,0.6273181274224866,low_interpretability_clusters=0;publisher_warnings=4;stock_warnings=0,Stable 768D text embedding baseline with complete coverage and moderate k.
previous experimental candidate,no,previous_experimental_candidate,text_pca64_lexical,minibatch_k32,k=32,100000,10000,False,100.0,32,0.1090672761201858,0.039924718439579,3.396135481487616,,6.091,914.0,0.33208399047224285,0.5361192175508362,low_interpretability_clusters=0;publisher_warnings=11;stock_warnings=0,Earlier lexical PCA64 candidate; superseded by k40 after k-sweep.
best experimental full-coverage model,yes,best_experimental_full_coverage_model,text_pca64_lexical,minibatch_k40,k=40,100000,10000,False,100.0,40,0.1064806878566742,0.0322658978402614,3.3462898706750805,,5.165,599.0,0.36970277740942376,0.5706621002190079,low_interpretability_clusters=0;publisher_warnings=16;stock_warnings=0,"Best balance of silhouette, DBI, cluster size, fragmentation risk, and interpretability."
high-silhouette risky reference,no,risk_reference,text_pca64_only,minibatch_k96,k=96,100000,10000,False,100.0,96,0.1160790547728538,0.0458767041563987,2.9968452871744446,,2.401,65.0,0.40694721997790234,0.6468139291953113,low_interpretability_clusters=2;publisher_warnings=48;stock_warnings=1,Not selected despite strong silhouette/DBI because k96 increases fragmentation and metadata-driven cluster risk.
"tuned representation candidate, not selected",no,representation_tuning_reference,text_768_l2,minibatch_k40,k=40,100000,10000,False,100.0,40,0.0803915187716484,0.0550573617219924,3.2528701048583613,40.93,4.309,271.0,0.42581608313744124,0.6625645865836157,,L2 tuning improves DBI/stability in places but has lower silhouette and very high negative silhouette.
compact probabilistic baseline,yes,compact_probabilistic_baseline,text_768_original,gmm_k8,k=8; covariance=diag,100000,100000,False,100.0,8,0.0732804238796234,,3.023836537443143,,,,,,"text-only probabilistic reference, not the selected main model",Kept as a compact probabilistic baseline for comparison.
previous event model baseline,no,previous_event_dense_detection_model,text_768_original,hdbscan,min_cluster_size=50; min_samples=; method=unknown; metric=euclidean,100000,10000,False,20.638,105,0.5652344226837158,,0.9860801375329644,,,50.0,,,"DBI remains slightly better than new full PCA64 HDBSCAN, but silhouette and event granularity are weaker.","Previous text-only dense-event baseline, replaced after PCA64 validation."
selected event/dense detection model,yes,event_dense_detection_model,text_pca64_only,hdbscan,min_cluster_size=30; min_samples=20.0; method=leaf; metric=euclidean,100000,10000,False,20.119,219,0.6085795164108276,0.4523743689060211,1.0260054374815164,0.69,7.888066007256822,30.0,,,DBI full-run is slightly worse than text-only baseline; 768D HDBSCAN grid timed out.,Official event/dense detection model after full 100k validation.
CLARA true diagnostic baseline,no,diagnostic_baseline,text_pca64_lexical_calendar,clara_k16,sklearn_extra.cluster.CLARA; n_sampling=2048; n_sampling_iter=5,15000,15000,True,100.0,16,0.0333989523351192,,4.301400564068116,,,,,,"true CLARA run, no fallback; sample-level diagnostic only",Verified as a diagnostic baseline but clearly weaker than MiniBatch on silhouette and DBI.
