row_index,label
0,2
1,4
2,4
3,4
4,6
5,2
6,7
7,0
8,4
9,0
10,0
11,3
12,0
13,6
14,5
15,0
16,2
17,6
18,1
19,7
20,4
21,6
22,4
23,5
24,1
25,6
26,6
27,4
28,6
29,3
30,5
31,6
32,3
33,4
34,2
35,7
36,4
37,2
38,0
39,4
40,4
41,3
42,4
43,7
44,0
45,3
46,6
47,4
48,1
49,0
50,0
51,4
52,1
53,0
54,4
55,3
56,2
57,2
58,3
59,4
60,5
61,6
62,6
63,7
64,3
65,6
66,1
67,4
68,0
69,0
70,1
71,2
72,4
73,7
74,2
75,7
76,1
77,1
78,4
79,2
80,7
81,0
82,5
83,0
84,3
85,5
86,6
87,6
88,6
89,4
90,4
91,3
92,1
93,0
94,4
95,7
96,0
97,0
98,7
99,7
100,1
101,6
102,4
103,1
104,6
105,6
106,4
107,1
108,1
109,6
110,7
111,6
112,6
113,6
114,2
115,3
116,6
117,2
118,1
119,1
120,6
121,0
122,1
123,3
124,6
125,4
126,4
127,4
128,7
129,4
130,5
131,1
132,6
133,0
134,2
135,4
136,5
137,1
138,3
139,6
140,4
141,0
142,1
143,6
144,2
145,1
146,1
147,4
148,5
149,4
150,7
151,3
152,6
153,6
154,3
155,5
156,5
157,0
158,7
159,7
160,6
161,1
162,4
163,6
164,3
165,7
166,5
167,1
168,6
169,6
170,3
171,0
172,0
173,1
174,4
175,3
176,3
177,4
178,6
179,6
180,0
181,1
182,4
183,7
184,3
185,7
186,0
187,5
188,1
189,6
190,1
191,4
192,7
193,2
194,7
195,6
196,6
197,0
198,2
199,4
200,1
201,2
202,2
203,0
204,2
205,0
206,6
207,4
208,6
209,3
210,5
211,5
212,7
213,4
214,4
215,5
216,4
217,4
218,4
219,6
220,0
221,0
222,2
223,3
224,0
225,2
226,0
227,6
228,4
229,6
230,4
231,0
232,0
233,7
234,2
235,5
236,4
237,7
238,0
239,2
240,4
241,0
242,4
243,4
244,2
245,1
246,7
247,7
248,7
249,7
250,7
251,0
252,5
253,2
254,0
255,7
256,0
257,1
258,0
259,4
260,6
261,1
262,0
263,4
264,1
265,2
266,7
267,3
268,6
269,7
270,2
271,1
272,1
273,1
274,5
275,6
276,4
277,3
278,4
279,5
280,5
281,2
282,1
283,0
284,7
285,7
286,4
287,3
288,4
289,2
290,4
291,6
292,0
293,4
294,0
295,6
296,5
297,2
298,1
299,3
300,6
301,1
302,0
303,1
304,3
305,2
306,2
307,6
308,7
309,6
310,2
311,7
312,6
313,0
314,6
315,6
316,5
317,0
318,6
319,7
320,7
321,6
322,0
323,7
324,5
325,1
326,0
327,0
328,4
329,2
330,2
331,7
332,2
333,6
334,5
335,1
336,1
337,2
338,2
339,3
340,2
341,4
342,1
343,4
344,0
345,7
346,4
347,6
348,5
349,0
350,0
351,4
352,0
353,5
354,4
355,3
356,4
357,4
358,0
359,6
360,2
361,5
362,0
363,1
364,0
365,6
366,4
367,0
368,0
369,4
370,5
371,4
372,6
373,6
374,0
375,0
376,3
377,0
378,6
379,6
380,2
381,1
382,4
383,4
384,1
385,6
386,0
387,3
388,2
389,6
390,7
391,4
392,0
393,6
394,7
395,2
396,1
397,6
398,0
399,0
400,7
401,1
402,3
403,5
404,4
405,0
406,6
407,4
408,1
409,0
410,4
411,0
412,6
413,0
414,0
415,4
416,0
417,1
418,4
419,7
420,0
421,7
422,2
423,4
424,1
425,3
426,6
427,2
428,0
429,3
430,7
431,0
432,4
433,0
434,6
435,0
436,1
437,1
438,5
439,3
440,2
441,5
442,6
443,7
444,7
445,1
446,2
447,2
448,2
449,4
450,4
451,7
452,4
453,1
454,0
455,3
456,5
457,4
458,6
459,2
460,4
461,2
462,0
463,1
464,0
465,7
466,6
467,0
468,2
469,7
470,4
471,0
472,6
473,0
474,7
475,2
476,0
477,6
478,5
479,0
480,7
481,7
482,2
483,5
484,7
485,6
486,1
487,6
488,7
489,2
490,4
491,2
492,5
493,1
494,1
495,7
496,1
497,0
498,7
499,1
500,0
501,2
502,2
503,5
504,3
505,4
506,6
507,0
508,7
509,1
510,2
511,4
512,3
513,7
514,2
515,1
516,4
517,0
518,0
519,7
520,6
521,3
522,4
523,3
524,1
525,6
526,2
527,4
528,2
529,0
530,6
531,4
532,1
533,7
534,0
535,1
536,4
537,5
538,3
539,0
540,4
541,1
542,2
543,4
544,7
545,6
546,7
547,4
548,6
549,5
550,0
551,3
552,0
553,0
554,1
555,2
556,4
557,5
558,0
559,7
560,2
561,5
562,3
563,5
564,2
565,4
566,6
567,4
568,3
569,1
570,2
571,2
572,1
573,0
574,1
575,7
576,4
577,5
578,7
579,1
580,5
581,5
582,0
583,1
584,2
585,5
586,3
587,3
588,3
589,3
590,3
591,3
592,3
593,3
594,3
595,3
596,3
597,3
598,3
599,3
600,3
601,3
602,3
603,3
604,3
605,3
606,3
607,6
608,1
609,6
610,5
611,1
612,2
613,4
614,3
615,4
616,0
617,6
618,7
619,5
620,4
621,1
622,4
623,5
624,0
625,1
626,2
627,3
628,2
629,3
630,3
631,2
632,3
633,5
634,2
635,6
636,3
637,7
638,2
639,5
640,7
641,1
642,2
643,2
644,2
645,1
646,2
647,5
648,5
649,3
650,2
651,1
652,1
653,4
654,7
655,1
656,4
657,4
658,2
659,6
660,1
661,1
662,3
663,5
664,2
665,7
666,7
667,3
668,2
669,3
670,1
671,2
672,5
673,0
674,0
675,6
676,2
677,6
678,3
679,2
680,2
681,5
682,4
683,0
684,7
685,0
686,7
687,4
688,5
689,1
690,4
691,0
692,3
693,7
694,6
695,7
696,0
697,0
698,1
699,6
700,0
701,2
702,2
703,5
704,2
705,2
706,6
707,6
708,7
709,4
710,3
711,3
712,7
713,2
714,0
715,2
716,4
717,2
718,2
719,7
720,3
721,7
722,2
723,5
724,0
725,0
726,2
727,7
728,6
729,0
730,4
731,1
732,0
733,3
734,1
735,6
736,5
737,7
738,6
739,7
740,1
741,6
742,6
743,4
744,0
745,2
746,4
747,3
748,2
749,6
750,6
751,4
752,1
753,5
754,5
755,4
756,6
757,1
758,6
759,1
760,6
761,4
762,7
763,5
764,0
765,4
766,0
767,3
768,6
769,1
770,4
771,4
772,6
773,6
774,4
775,2
776,4
777,7
778,4
779,2
780,4
781,7
782,1
783,5
784,6
785,4
786,1
787,6
788,2
789,2
790,6
791,7
792,4
793,6
794,4
795,2
796,5
797,6
798,6
799,0
800,5
801,7
802,4
803,6
804,2
805,6
806,4
807,5
808,2
809,1
810,2
811,6
812,1
813,7
814,6
815,1
816,0
817,1
818,4
819,1
820,4
821,0
822,0
823,4
824,1
825,5
826,1
827,4
828,4
829,7
830,4
831,2
832,2
833,7
834,2
835,4
836,1
837,0
838,1
839,7
840,4
841,6
842,7
843,0
844,6
845,4
846,4
847,4
848,6
849,4
850,4
851,0
852,1
853,3
854,0
855,3
856,6
857,3
858,3
859,7
860,1
861,2
862,4
863,3
864,6
865,2
866,3
867,7
868,1
869,1
870,0
871,7
872,6
873,0
874,6
875,6
876,7
877,1
878,0
879,7
880,4
881,7
882,3
883,0
884,4
885,7
886,2
887,1
888,3
889,2
890,7
891,2
892,2
893,4
894,1
895,0
896,6
897,2
898,0
899,2
900,0
901,5
902,4
903,1
904,5
905,3
906,2
907,6
908,2
909,7
910,7
911,6
912,5
913,5
914,2
915,3
916,6
917,7
918,7
919,4
920,4
921,1
922,1
923,0
924,6
925,2
926,1
927,1
928,3
929,1
930,5
931,4
932,4
933,7
934,2
935,2
936,4
937,7
938,2
939,7
940,6
941,5
942,5
943,7
944,4
945,6
946,4
947,6
948,5
949,0
950,7
951,7
952,0
953,2
954,4
955,6
956,3
957,1
958,7
959,2
960,6
961,7
962,6
963,1
964,4
965,4
966,1
967,3
968,1
969,4
970,2
971,7
972,2
973,2
974,1
975,2
976,2
977,4
978,1
979,2
980,1
981,0
982,1
983,6
984,3
985,6
986,0
987,0
988,2
989,0
990,1
991,0
992,2
993,4
994,7
995,6
996,0
997,0
998,2
999,4
1000,7
1001,4
1002,0
1003,3
1004,7
1005,4
1006,7
1007,5
1008,3
1009,4
1010,1
1011,6
1012,7
1013,4
1014,2
1015,4
1016,1
1017,7
1018,3
1019,0
1020,1
1021,4
1022,4
1023,6
1024,1
1025,7
1026,7
1027,4
1028,7
1029,4
1030,3
1031,3
1032,7
1033,1
1034,5
1035,7
1036,3
1037,1
1038,4
1039,3
1040,7
1041,5
1042,2
1043,5
1044,1
1045,4
1046,1
1047,4
1048,6
1049,6
1050,1
1051,1
1052,4
1053,3
1054,3
1055,4
1056,4
1057,2
1058,5
1059,0
1060,7
1061,4
1062,4
1063,5
1064,6
1065,7
1066,4
1067,4
1068,3
1069,0
1070,4
1071,2
1072,7
1073,7
1074,4
1075,7
1076,3
1077,0
1078,4
1079,5
1080,1
1081,7
1082,0
1083,0
1084,1
1085,3
1086,6
1087,6
1088,0
1089,5
1090,3
1091,1
1092,4
1093,0
1094,4
1095,2
1096,7
1097,7
1098,4
1099,2
1100,1
1101,0
1102,4
1103,7
1104,6
1105,0
1106,3
1107,0
1108,5
1109,0
1110,3
1111,4
1112,1
1113,3
1114,7
1115,2
1116,1
1117,2
1118,7
1119,1
1120,6
1121,2
1122,7
1123,4
1124,7
1125,7
1126,6
1127,6
1128,3
1129,5
1130,1
1131,1
1132,7
1133,7
1134,2
1135,1
1136,4
1137,3
1138,4
1139,7
1140,6
1141,1
1142,7
1143,1
1144,3
1145,4
1146,6
1147,4
1148,2
1149,0
1150,4
1151,2
1152,0
1153,2
1154,1
1155,2
1156,4
1157,1
1158,4
1159,2
1160,7
1161,1
1162,3
1163,3
1164,5
1165,5
1166,2
1167,5
1168,5
1169,2
1170,3
1171,6
1172,4
1173,2
1174,6
1175,2
1176,2
1177,2
1178,5
1179,0
1180,4
1181,2
1182,7
1183,0
1184,4
1185,2
1186,2
1187,6
1188,6
1189,6
1190,2
1191,5
1192,5
1193,4
1194,6
1195,5
1196,3
1197,7
1198,1
1199,2
1200,0
1201,7
1202,4
1203,0
1204,7
1205,7
1206,2
1207,7
1208,7
1209,5
1210,2
1211,7
1212,6
1213,7
1214,2
1215,1
1216,5
1217,4
1218,7
1219,4
1220,6
1221,2
1222,2
1223,0
1224,1
1225,1
1226,2
1227,7
1228,2
1229,6
1230,0
1231,2
1232,1
1233,7
1234,3
1235,0
1236,5
1237,3
1238,7
1239,1
1240,3
1241,3
1242,7
1243,0
1244,7
1245,3
1246,6
1247,5
1248,7
1249,2
1250,3
1251,0
1252,4
1253,0
1254,3
1255,2
1256,6
1257,2
1258,3
1259,3
1260,0
1261,6
1262,0
1263,2
1264,0
1265,1
1266,6
1267,1
1268,2
1269,0
1270,3
1271,6
1272,6
1273,0
1274,0
1275,6
1276,3
1277,3
1278,7
1279,3
1280,3
1281,4
1282,7
1283,6
1284,3
1285,0
1286,0
1287,0
1288,3
1289,5
1290,5
1291,0
1292,0
1293,0
1294,0
1295,0
1296,0
1297,0
1298,0
1299,0
1300,0
1301,1
1302,0
1303,7
1304,4
1305,7
1306,2
1307,5
1308,1
1309,4
1310,2
1311,7
1312,7
1313,7
1314,4
1315,7
1316,1
1317,7
1318,4
1319,0
1320,1
1321,1
1322,5
1323,7
1324,6
1325,4
1326,6
1327,4
1328,0
1329,5
1330,6
1331,0
1332,3
1333,1
1334,2
1335,6
1336,3
1337,7
1338,0
1339,2
1340,2
1341,5
1342,4
1343,7
1344,1
1345,4
1346,2
1347,7
1348,2
1349,2
1350,6
1351,6
1352,3
1353,5
1354,4
1355,0
1356,2
1357,4
1358,3
1359,2
1360,3
1361,0
1362,7
1363,7
1364,6
1365,7
1366,2
1367,5
1368,1
1369,7
1370,1
1371,6
1372,2
1373,0
1374,6
1375,6
1376,6
1377,5
1378,1
1379,6
1380,2
1381,0
1382,4
1383,5
1384,1
1385,4
1386,2
1387,0
1388,4
1389,4
1390,4
1391,6
1392,4
1393,6
1394,1
1395,6
1396,0
1397,4
1398,4
1399,6
1400,7
1401,4
1402,5
1403,0
1404,1
1405,0
1406,1
1407,6
1408,7
1409,6
1410,2
1411,7
1412,0
1413,3
1414,0
1415,4
1416,4
1417,3
1418,4
1419,1
1420,2
1421,0
1422,5
1423,7
1424,4
1425,0
1426,6
1427,1
1428,4
1429,1
1430,4
1431,6
1432,5
1433,0
1434,7
1435,2
1436,5
1437,7
1438,7
1439,5
1440,6
1441,1
1442,4
1443,7
1444,6
1445,5
1446,5
1447,1
1448,5
1449,5
1450,1
1451,7
1452,1
1453,0
1454,7
1455,3
1456,5
1457,0
1458,3
1459,3
1460,2
1461,3
1462,3
1463,5
1464,3
1465,6
1466,3
1467,7
1468,4
1469,3
1470,7
1471,1
1472,7
1473,7
1474,4
1475,1
1476,1
1477,6
1478,0
1479,7
1480,7
1481,7
1482,4
1483,1
1484,4
1485,0
1486,7
1487,7
1488,7
1489,4
1490,5
1491,4
1492,5
1493,4
1494,4
1495,4
1496,7
1497,1
1498,4
1499,4
1500,1
1501,0
1502,0
1503,5
1504,0
1505,3
1506,5
1507,6
1508,4
1509,0
1510,7
1511,6
1512,7
1513,1
1514,7
1515,2
1516,4
1517,3
1518,6
1519,0
1520,7
1521,6
1522,0
1523,6
1524,0
1525,6
1526,0
1527,1
1528,7
1529,3
1530,7
1531,5
1532,7
1533,7
1534,7
1535,7
1536,3
1537,7
1538,7
1539,7
1540,5
1541,7
1542,0
1543,5
1544,7
1545,0
1546,6
1547,0
1548,7
1549,7
1550,3
1551,7
1552,7
1553,5
1554,3
1555,5
1556,1
1557,4
1558,7
1559,0
1560,1
1561,0
1562,0
1563,3
1564,7
1565,5
1566,1
1567,1
1568,6
1569,6
1570,4
1571,2
1572,6
1573,7
1574,0
1575,7
1576,6
1577,0
1578,3
1579,3
1580,3
1581,7
1582,2
1583,1
1584,2
1585,6
1586,6
1587,1
1588,2
1589,3
1590,4
1591,0
1592,3
1593,6
1594,2
1595,1
1596,6
1597,4
1598,5
1599,3
1600,2
1601,7
1602,3
1603,2
1604,0
1605,6
1606,1
1607,2
1608,4
1609,3
1610,7
1611,2
1612,3
1613,6
1614,3
1615,3
1616,0
1617,5
1618,4
1619,2
1620,5
1621,6
1622,6
1623,6
1624,3
1625,0
1626,1
1627,4
1628,2
1629,2
1630,3
1631,6
1632,0
1633,3
1634,1
1635,3
1636,4
1637,2
1638,3
1639,6
1640,3
1641,0
1642,2
1643,4
1644,6
1645,4
1646,4
1647,7
1648,3
1649,0
1650,5
1651,4
1652,4
1653,2
1654,5
1655,3
1656,4
1657,6
1658,2
1659,6
1660,4
1661,3
1662,1
1663,2
1664,2
1665,6
1666,1
1667,0
1668,0
1669,1
1670,5
1671,6
1672,0
1673,5
1674,4
1675,1
1676,4
1677,4
1678,2
1679,0
1680,6
1681,0
1682,4
1683,4
1684,7
1685,2
1686,7
1687,6
1688,5
1689,1
1690,4
1691,0
1692,5
1693,2
1694,5
1695,1
1696,5
1697,4
1698,0
1699,6
1700,1
1701,2
1702,6
1703,6
1704,2
1705,7
1706,6
1707,7
1708,4
1709,5
1710,1
1711,3
1712,5
1713,4
1714,0
1715,1
1716,6
1717,4
1718,2
1719,6
1720,1
1721,0
1722,2
1723,1
1724,3
1725,6
1726,2
1727,3
1728,4
1729,2
1730,1
1731,3
1732,6
1733,3
1734,0
1735,3
1736,0
1737,6
1738,2
1739,0
1740,4
1741,4
1742,1
1743,3
1744,0
1745,7
1746,3
1747,5
1748,5
1749,2
1750,7
1751,0
1752,4
1753,2
1754,6
1755,1
1756,0
1757,6
1758,1
1759,1
1760,2
1761,7
1762,7
1763,7
1764,5
1765,7
1766,0
1767,7
1768,3
1769,1
1770,0
1771,7
1772,2
1773,0
1774,5
1775,1
1776,5
1777,2
1778,7
1779,1
1780,1
1781,3
1782,0
1783,0
1784,5
1785,7
1786,7
1787,0
1788,0
1789,1
1790,3
1791,5
1792,5
1793,6
1794,1
1795,2
1796,1
1797,3
1798,6
1799,4
1800,7
1801,0
1802,7
1803,6
1804,1
1805,2
1806,0
1807,3
1808,3
1809,4
1810,3
1811,0
1812,5
1813,2
1814,3
1815,2
1816,5
1817,7
1818,1
1819,6
1820,2
1821,1
1822,4
1823,7
1824,5
1825,3
1826,4
1827,1
1828,3
1829,0
1830,1
1831,2
1832,0
1833,3
1834,3
1835,7
1836,6
1837,0
1838,4
1839,3
1840,2
1841,6
1842,6
1843,0
1844,6
1845,0
1846,4
1847,4
1848,2
1849,4
1850,4
1851,4
1852,1
1853,6
1854,1
1855,3
1856,4
1857,4
1858,2
1859,2
1860,4
1861,0
1862,6
1863,4
1864,6
1865,6
1866,0
1867,6
1868,1
1869,4
1870,4
1871,3
1872,4
1873,0
1874,3
1875,4
1876,0
1877,5
1878,4
1879,0
1880,3
1881,1
1882,1
1883,2
1884,6
1885,0
1886,4
1887,4
1888,6
1889,1
1890,6
1891,3
1892,6
1893,6
1894,0
1895,0
1896,0
1897,3
1898,5
1899,5
1900,1
1901,6
1902,3
1903,4
1904,5
1905,4
1906,1
1907,7
1908,5
1909,0
1910,5
1911,2
1912,5
1913,7
1914,5
1915,3
1916,3
1917,0
1918,6
1919,1
1920,6
1921,4
1922,7
1923,1
1924,4
1925,6
1926,1
1927,4
1928,2
1929,4
1930,5
1931,4
1932,0
1933,3
1934,1
1935,7
1936,0
1937,6
1938,1
1939,2
1940,4
1941,5
1942,4
1943,7
1944,4
1945,4
1946,4
1947,0
1948,4
1949,1
1950,1
1951,0
1952,3
1953,4
1954,6
1955,2
1956,5
1957,5
1958,3
1959,3
1960,0
1961,6
1962,6
1963,0
1964,1
1965,1
1966,5
1967,1
1968,6
1969,6
1970,0
1971,4
1972,6
1973,5
1974,0
1975,6
1976,7
1977,4
1978,0
1979,2
1980,2
1981,1
1982,4
1983,1
1984,0
1985,7
1986,4
1987,0
1988,4
1989,0
1990,4
1991,6
1992,6
1993,7
1994,3
1995,3
1996,6
1997,4
1998,0
1999,6
2000,1
2001,6
2002,3
2003,2
2004,1
2005,6
2006,6
2007,6
2008,5
2009,6
2010,3
2011,2
2012,7
2013,3
2014,6
2015,2
2016,0
2017,0
2018,0
2019,0
2020,5
2021,4
2022,4
2023,2
2024,2
2025,1
2026,1
2027,5
2028,3
2029,3
2030,6
2031,4
2032,0
2033,1
2034,2
2035,2
2036,7
2037,6
2038,4
2039,2
2040,2
2041,2
2042,0
2043,7
2044,3
2045,1
2046,6
2047,4
2048,2
2049,0
2050,1
2051,5
2052,2
2053,1
2054,0
2055,1
2056,1
2057,3
2058,7
2059,4
2060,7
2061,5
2062,2
2063,0
2064,6
2065,3
2066,3
2067,1
2068,2
2069,5
2070,1
2071,2
2072,3
2073,3
2074,4
2075,2
2076,5
2077,2
2078,4
2079,3
2080,7
2081,1
2082,5
2083,0
2084,4
2085,7
2086,5
2087,6
2088,3
2089,7
2090,0
2091,5
2092,5
2093,7
2094,2
2095,1
2096,7
2097,2
2098,7
2099,6
2100,3
2101,1
2102,2
2103,0
2104,2
2105,5
2106,1
2107,4
2108,6
2109,1
2110,0
2111,1
2112,0
2113,3
2114,4
2115,0
2116,6
2117,0
2118,0
2119,6
2120,1
2121,1
2122,3
2123,1
2124,6
2125,4
2126,7
2127,6
2128,4
2129,7
2130,7
2131,6
2132,1
2133,3
2134,2
2135,7
2136,4
2137,6
2138,1
2139,6
2140,4
2141,1
2142,7
2143,6
2144,2
2145,3
2146,7
2147,4
2148,1
2149,5
2150,7
2151,4
2152,6
2153,6
2154,2
2155,3
2156,4
2157,1
2158,0
2159,6
2160,1
2161,2
2162,0
2163,2
2164,7
2165,1
2166,2
2167,5
2168,1
2169,3
2170,5
2171,7
2172,6
2173,6
2174,7
2175,2
2176,1
2177,4
2178,1
2179,0
2180,1
2181,1
2182,3
2183,4
2184,4
2185,2
2186,2
2187,1
2188,0
2189,1
2190,5
2191,1
2192,0
2193,1
2194,3
2195,6
2196,2
2197,4
2198,6
2199,0
2200,7
2201,3
2202,3
2203,3
2204,5
2205,1
2206,1
2207,5
2208,6
2209,1
2210,4
2211,4
2212,0
2213,6
2214,5
2215,6
2216,4
2217,5
2218,7
2219,6
2220,4
2221,4
2222,2
2223,1
2224,2
2225,0
2226,3
2227,0
2228,7
2229,3
2230,4
2231,5
2232,4
2233,7
2234,6
2235,7
2236,2
2237,0
2238,6
2239,2
2240,3
2241,7
2242,4
2243,0
2244,2
2245,5
2246,5
2247,6
2248,0
2249,2
2250,6
2251,1
2252,3
2253,3
2254,4
2255,4
2256,1
2257,6
2258,6
2259,5
2260,4
2261,6
2262,2
2263,7
2264,1
2265,4
2266,3
2267,6
2268,3
2269,0
2270,5
2271,1
2272,0
2273,1
2274,1
2275,2
2276,2
2277,4
2278,7
2279,3
2280,1
2281,4
2282,2
2283,7
2284,6
2285,2
2286,6
2287,6
2288,4
2289,5
2290,5
2291,2
2292,0
2293,6
2294,2
2295,4
2296,1
2297,5
2298,3
2299,2
2300,5
2301,6
2302,3
2303,6
2304,4
2305,7
2306,3
2307,6
2308,4
2309,3
2310,6
2311,2
2312,6
2313,6
2314,7
2315,7
2316,5
2317,1
2318,4
2319,3
2320,0
2321,1
2322,6
2323,4
2324,7
2325,1
2326,7
2327,1
2328,0
2329,6
2330,1
2331,5
2332,6
2333,2
2334,0
2335,1
2336,4
2337,5
2338,1
2339,0
2340,0
2341,7
2342,4
2343,7
2344,1
2345,4
2346,2
2347,2
2348,4
2349,1
2350,4
2351,1
2352,6
2353,3
2354,4
2355,2
2356,1
2357,0
2358,1
2359,3
2360,6
2361,3
2362,0
2363,7
2364,4
2365,1
2366,1
2367,1
2368,1
2369,4
2370,4
2371,7
2372,0
2373,3
2374,3
2375,0
2376,6
2377,6
2378,7
2379,1
2380,2
2381,1
2382,1
2383,4
2384,3
2385,1
2386,0
2387,1
2388,0
2389,7
2390,6
2391,3
2392,2
2393,6
2394,0
2395,1
2396,0
2397,5
2398,3
2399,1
2400,3
2401,1
2402,2
2403,4
2404,1
2405,2
2406,3
2407,1
2408,5
2409,6
2410,4
2411,3
2412,7
2413,0
2414,1
2415,6
2416,4
2417,4
2418,3
2419,4
2420,6
2421,0
2422,3
2423,7
2424,3
2425,7
2426,2
2427,6
2428,6
2429,5
2430,1
2431,4
2432,6
2433,0
2434,3
2435,3
2436,1
2437,5
2438,2
2439,4
2440,3
2441,7
2442,4
2443,6
2444,5
2445,5
2446,4
2447,4
2448,0
2449,6
2450,5
2451,0
2452,1
2453,6
2454,0
2455,5
2456,5
2457,7
2458,2
2459,4
2460,4
2461,7
2462,7
2463,4
2464,6
2465,1
2466,3
2467,0
2468,7
2469,0
2470,3
2471,0
2472,3
2473,5
2474,6
2475,5
2476,0
2477,6
2478,5
2479,5
2480,0
2481,2
2482,1
2483,0
2484,6
2485,7
2486,0
2487,7
2488,6
2489,3
2490,6
2491,4
2492,5
2493,6
2494,7
2495,6
2496,7
2497,5
2498,2
2499,2
2500,2
2501,4
2502,5
2503,6
2504,7
2505,7
2506,0
2507,4
2508,4
2509,5
2510,4
2511,3
2512,6
2513,0
2514,3
2515,1
2516,7
2517,4
2518,5
2519,7
2520,5
2521,6
2522,1
2523,6
2524,2
2525,1
2526,1
2527,3
2528,4
2529,2
2530,4
2531,3
2532,3
2533,7
2534,4
2535,1
2536,2
2537,3
2538,1
2539,1
2540,5
2541,1
2542,1
2543,0
2544,4
2545,7
2546,7
2547,0
2548,5
2549,5
2550,1
2551,2
2552,6
2553,7
2554,4
2555,1
2556,5
2557,1
2558,2
2559,3
2560,4
2561,5
2562,6
2563,3
2564,1
2565,3
2566,2
2567,1
2568,0
2569,1
2570,5
2571,1
2572,1
2573,0
2574,3
2575,5
2576,7
2577,1
2578,6
2579,4
2580,6
2581,3
2582,4
2583,0
2584,4
2585,0
2586,3
2587,7
2588,5
2589,4
2590,3
2591,4
2592,4
2593,6
2594,3
2595,7
2596,7
2597,7
2598,5
2599,6
2600,1
2601,6
2602,3
2603,6
2604,5
2605,5
2606,6
2607,6
2608,6
2609,1
2610,6
2611,3
2612,2
2613,6
2614,1
2615,6
2616,3
2617,6
2618,6
2619,0
2620,1
2621,6
2622,3
2623,1
2624,5
2625,3
2626,0
2627,1
2628,4
2629,6
2630,3
2631,7
2632,4
2633,3
2634,2
2635,2
2636,2
2637,6
2638,1
2639,3
2640,3
2641,1
2642,6
2643,3
2644,2
2645,0
2646,6
2647,2
2648,4
2649,6
2650,6
2651,0
2652,6
2653,6
2654,1
2655,2
2656,1
2657,2
2658,2
2659,1
2660,6
2661,2
2662,1
2663,2
2664,2
2665,2
2666,2
2667,3
2668,1
2669,2
2670,2
2671,3
2672,2
2673,3
2674,3
2675,2
2676,4
2677,3
2678,7
2679,2
2680,4
2681,6
2682,6
2683,1
2684,4
2685,7
2686,2
2687,2
2688,0
2689,6
2690,6
2691,5
2692,4
2693,6
2694,7
2695,7
2696,3
2697,4
2698,3
2699,6
2700,0
2701,0
2702,4
2703,0
2704,1
2705,7
2706,3
2707,7
2708,4
2709,2
2710,3
2711,2
2712,4
2713,1
2714,1
2715,6
2716,5
2717,4
2718,5
2719,5
2720,0
2721,4
2722,1
2723,4
2724,6
2725,4
2726,2
2727,6
2728,3
2729,7
2730,3
2731,1
2732,7
2733,6
2734,1
2735,2
2736,4
2737,4
2738,2
2739,4
2740,3
2741,5
2742,0
2743,4
2744,0
2745,4
2746,7
2747,0
2748,0
2749,5
2750,0
2751,0
2752,1
2753,2
2754,6
2755,0
2756,7
2757,3
2758,0
2759,2
2760,6
2761,4
2762,1
2763,4
2764,2
2765,2
2766,0
2767,0
2768,7
2769,2
2770,0
2771,7
2772,4
2773,7
2774,7
2775,3
2776,2
2777,2
2778,3
2779,5
2780,4
2781,5
2782,0
2783,5
2784,4
2785,5
2786,1
2787,4
2788,0
2789,1
2790,3
2791,3
2792,1
2793,6
2794,1
2795,4
2796,2
2797,7
2798,4
2799,4
2800,1
2801,1
2802,1
2803,5
2804,6
2805,6
2806,5
2807,1
2808,5
2809,6
2810,5
2811,0
2812,0
2813,1
2814,1
2815,7
2816,6
2817,0
2818,1
2819,6
2820,3
2821,7
2822,5
2823,2
2824,3
2825,2
2826,6
2827,6
2828,1
2829,2
2830,4
2831,5
2832,7
2833,1
2834,6
2835,0
2836,4
2837,5
2838,7
2839,2
2840,4
2841,7
2842,0
2843,0
2844,6
2845,0
2846,6
2847,6
2848,6
2849,4
2850,2
2851,4
2852,0
2853,2
2854,6
2855,6
2856,1
2857,7
2858,5
2859,4
2860,1
2861,7
2862,6
2863,0
2864,7
2865,7
2866,7
2867,5
2868,2
2869,2
2870,3
2871,6
2872,5
2873,4
2874,6
2875,7
2876,7
2877,0
2878,4
2879,7
2880,1
2881,1
2882,1
2883,1
2884,5
2885,0
2886,1
2887,2
2888,1
2889,7
2890,4
2891,1
2892,4
2893,6
2894,2
2895,4
2896,7
2897,7
2898,1
2899,5
2900,6
2901,3
2902,2
2903,0
2904,7
2905,6
2906,4
2907,1
2908,5
2909,6
2910,1
2911,1
2912,4
2913,4
2914,7
2915,7
2916,1
2917,7
2918,0
2919,7
2920,4
2921,3
2922,1
2923,6
2924,4
2925,3
2926,2
2927,5
2928,3
2929,6
2930,3
2931,2
2932,4
2933,1
2934,2
2935,7
2936,4
2937,6
2938,1
2939,3
2940,2
2941,4
2942,1
2943,4
2944,0
2945,2
2946,0
2947,2
2948,6
2949,5
2950,6
2951,2
2952,7
2953,0
2954,0
2955,0
2956,0
2957,6
2958,3
2959,6
2960,7
2961,6
2962,3
2963,2
2964,1
2965,2
2966,4
2967,0
2968,1
2969,7
2970,1
2971,2
2972,2
2973,2
2974,3
2975,1
2976,4
2977,7
2978,6
2979,6
2980,0
2981,0
2982,4
2983,1
2984,2
2985,2
2986,4
2987,2
2988,1
2989,3
2990,7
2991,2
2992,4
2993,4
2994,2
2995,1
2996,2
2997,6
2998,4
2999,1
3000,6
3001,2
3002,3
3003,3
3004,3
3005,6
3006,5
3007,7
3008,5
3009,7
3010,2
3011,1
3012,6
3013,0
3014,7
3015,0
3016,2
3017,0
3018,1
3019,2
3020,1
3021,0
3022,2
3023,7
3024,4
3025,4
3026,4
3027,0
3028,3
3029,1
3030,0
3031,0
3032,4
3033,2
3034,2
3035,5
3036,7
3037,1
3038,6
3039,6
3040,6
3041,7
3042,1
3043,6
3044,4
3045,5
3046,6
3047,7
3048,1
3049,2
3050,5
3051,4
3052,2
3053,7
3054,1
3055,2
3056,0
3057,3
3058,1
3059,7
3060,1
3061,2
3062,7
3063,4
3064,3
3065,7
3066,1
3067,1
3068,7
3069,6
3070,5
3071,4
3072,4
3073,1
3074,7
3075,7
3076,1
3077,0
3078,1
3079,0
3080,4
3081,3
3082,7
3083,4
3084,6
3085,0
3086,7
3087,0
3088,3
3089,4
3090,6
3091,0
3092,0
3093,5
3094,4
3095,7
3096,4
3097,7
3098,1
3099,7
3100,0
3101,3
3102,4
3103,1
3104,5
3105,7
3106,1
3107,6
3108,0
3109,3
3110,0
3111,4
3112,2
3113,4
3114,6
3115,4
3116,3
3117,0
3118,1
3119,1
3120,0
3121,7
3122,2
3123,4
3124,1
3125,6
3126,4
3127,0
3128,1
3129,0
3130,0
3131,0
3132,2
3133,6
3134,1
3135,7
3136,2
3137,7
3138,2
3139,0
3140,7
3141,5
3142,4
3143,0
3144,2
3145,1
3146,1
3147,4
3148,5
3149,1
3150,1
3151,0
3152,7
3153,4
3154,3
3155,3
3156,7
3157,4
3158,4
3159,1
3160,3
3161,1
3162,4
3163,4
3164,2
3165,4
3166,2
3167,2
3168,2
3169,2
3170,3
3171,3
3172,4
3173,2
3174,4
3175,5
3176,0
3177,5
3178,2
3179,0
3180,4
3181,2
3182,7
3183,1
3184,7
3185,1
3186,2
3187,2
3188,6
3189,6
3190,6
3191,1
3192,2
3193,6
3194,1
3195,6
3196,2
3197,1
3198,2
3199,7
3200,2
3201,4
3202,5
3203,4
3204,1
3205,2
3206,6
3207,3
3208,6
3209,6
3210,2
3211,6
3212,3
3213,3
3214,4
3215,7
3216,2
3217,2
3218,4
3219,2
3220,5
3221,0
3222,7
3223,4
3224,0
3225,5
3226,6
3227,6
3228,0
3229,6
3230,2
3231,3
3232,0
3233,6
3234,6
3235,7
3236,0
3237,6
3238,6
3239,1
3240,0
3241,7
3242,0
3243,6
3244,6
3245,1
3246,3
3247,4
3248,2
3249,2
3250,4
3251,6
3252,1
3253,6
3254,1
3255,0
3256,5
3257,0
3258,4
3259,3
3260,0
3261,0
3262,7
3263,5
3264,1
3265,2
3266,6
3267,1
3268,3
3269,0
3270,3
3271,0
3272,4
3273,0
3274,2
3275,0
3276,0
3277,2
3278,6
3279,2
3280,5
3281,7
3282,1
3283,3
3284,7
3285,7
3286,0
3287,4
3288,2
3289,3
3290,2
3291,7
3292,1
3293,7
3294,7
3295,4
3296,6
3297,3
3298,4
3299,0
3300,2
3301,3
3302,6
3303,7
3304,3
3305,0
3306,6
3307,0
3308,2
3309,4
3310,0
3311,4
3312,6
3313,0
3314,1
3315,1
3316,6
3317,7
3318,7
3319,3
3320,0
3321,4
3322,4
3323,4
3324,3
3325,2
3326,7
3327,0
3328,0
3329,4
3330,6
3331,1
3332,6
3333,6
3334,0
3335,4
3336,7
3337,5
3338,1
3339,6
3340,4
3341,5
3342,3
3343,1
3344,0
3345,2
3346,6
3347,0
3348,3
3349,0
3350,2
3351,5
3352,7
3353,4
3354,3
3355,0
3356,0
3357,4
3358,2
3359,6
3360,4
3361,4
3362,4
3363,6
3364,4
3365,2
3366,6
3367,7
3368,0
3369,5
3370,2
3371,1
3372,5
3373,7
3374,3
3375,1
3376,1
3377,5
3378,0
3379,0
3380,3
3381,7
3382,4
3383,4
3384,0
3385,6
3386,4
3387,0
3388,1
3389,1
3390,0
3391,4
3392,2
3393,4
3394,7
3395,0
3396,5
3397,6
3398,3
3399,1
3400,3
3401,7
3402,0
3403,7
3404,4
3405,0
3406,1
3407,2
3408,7
3409,7
3410,6
3411,0
3412,6
3413,3
3414,2
3415,7
3416,4
3417,6
3418,1
3419,4
3420,4
3421,1
3422,4
3423,7
3424,0
3425,0
3426,2
3427,1
3428,0
3429,4
3430,5
3431,2
3432,5
3433,5
3434,5
3435,0
3436,6
3437,4
3438,4
3439,4
3440,5
3441,2
3442,5
3443,7
3444,1
3445,3
3446,3
3447,6
3448,6
3449,4
3450,5
3451,4
3452,6
3453,3
3454,4
3455,4
3456,2
3457,0
3458,6
3459,2
3460,7
3461,6
3462,4
3463,3
3464,1
3465,6
3466,2
3467,1
3468,1
3469,0
3470,7
3471,0
3472,5
3473,4
3474,0
3475,0
3476,2
3477,0
3478,2
3479,4
3480,1
3481,3
3482,1
3483,0
3484,5
3485,4
3486,2
3487,1
3488,4
3489,0
3490,0
3491,7
3492,6
3493,6
3494,2
3495,5
3496,1
3497,4
3498,7
3499,6
3500,4
3501,4
3502,4
3503,1
3504,6
3505,3
3506,5
3507,3
3508,0
3509,6
3510,1
3511,6
3512,1
3513,6
3514,1
3515,6
3516,4
3517,1
3518,6
3519,4
3520,1
3521,4
3522,1
3523,2
3524,4
3525,6
3526,1
3527,6
3528,4
3529,7
3530,5
3531,6
3532,1
3533,7
3534,6
3535,1
3536,6
3537,7
3538,0
3539,1
3540,6
3541,5
3542,2
3543,3
3544,0
3545,1
3546,3
3547,4
3548,5
3549,4
3550,5
3551,4
3552,0
3553,6
3554,7
3555,0
3556,7
3557,1
3558,5
3559,0
3560,0
3561,2
3562,6
3563,4
3564,2
3565,2
3566,4
3567,6
3568,1
3569,7
3570,6
3571,2
3572,2
3573,3
3574,6
3575,6
3576,1
3577,6
3578,0
3579,1
3580,2
3581,1
3582,1
3583,0
3584,1
3585,6
3586,4
3587,4
3588,7
3589,1
3590,6
3591,5
3592,6
3593,4
3594,4
3595,4
3596,7
3597,4
3598,2
3599,3
3600,3
3601,6
3602,6
3603,4
3604,6
3605,1
3606,6
3607,1
3608,1
3609,1
3610,0
3611,4
3612,2
3613,1
3614,2
3615,0
3616,1
3617,5
3618,7
3619,0
3620,4
3621,3
3622,4
3623,4
3624,4
3625,1
3626,2
3627,6
3628,1
3629,7
3630,6
3631,7
3632,4
3633,6
3634,0
3635,6
3636,6
3637,4
3638,2
3639,5
3640,4
3641,6
3642,2
3643,1
3644,2
3645,2
3646,6
3647,4
3648,6
3649,4
3650,0
3651,4
3652,4
3653,3
3654,6
3655,0
3656,1
3657,3
3658,6
3659,0
3660,3
3661,7
3662,7
3663,6
3664,5
3665,1
3666,3
3667,0
3668,4
3669,3
3670,1
3671,6
3672,7
3673,7
3674,3
3675,0
3676,0
3677,6
3678,7
3679,6
3680,1
3681,6
3682,6
3683,2
3684,4
3685,4
3686,2
3687,3
3688,0
3689,2
3690,4
3691,6
3692,4
3693,0
3694,6
3695,1
3696,4
3697,3
3698,5
3699,1
3700,5
3701,0
3702,4
3703,7
3704,7
3705,0
3706,7
3707,3
3708,4
3709,4
3710,2
3711,3
3712,5
3713,2
3714,1
3715,0
3716,1
3717,1
3718,0
3719,6
3720,7
3721,7
3722,5
3723,4
3724,7
3725,3
3726,2
3727,6
3728,7
3729,7
3730,5
3731,5
3732,2
3733,7
3734,0
3735,7
3736,5
3737,5
3738,1
3739,3
3740,5
3741,0
3742,7
3743,4
3744,2
3745,0
3746,6
3747,4
3748,5
3749,1
3750,2
3751,1
3752,3
3753,0
3754,6
3755,5
3756,3
3757,4
3758,1
3759,1
3760,3
3761,6
3762,6
3763,7
3764,4
3765,4
3766,3
3767,2
3768,7
3769,3
3770,4
3771,4
3772,0
3773,1
3774,7
3775,3
3776,0
3777,3
3778,4
3779,1
3780,4
3781,6
3782,3
3783,5
3784,6
3785,3
3786,6
3787,6
3788,4
3789,1
3790,6
3791,7
3792,7
3793,3
3794,5
3795,1
3796,4
3797,1
3798,5
3799,6
3800,1
3801,6
3802,1
3803,7
3804,7
3805,1
3806,5
3807,2
3808,2
3809,1
3810,1
3811,6
3812,6
3813,2
3814,1
3815,4
3816,4
3817,0
3818,7
3819,2
3820,7
3821,3
3822,3
3823,6
3824,3
3825,4
3826,6
3827,1
3828,1
3829,3
3830,2
3831,5
3832,2
3833,3
3834,4
3835,1
3836,4
3837,2
3838,2
3839,5
3840,3
3841,7
3842,6
3843,6
3844,5
3845,1
3846,4
3847,7
3848,4
3849,2
3850,3
3851,2
3852,1
3853,1
3854,1
3855,7
3856,7
3857,4
3858,7
3859,6
3860,7
3861,5
3862,2
3863,1
3864,4
3865,3
3866,4
3867,6
3868,3
3869,1
3870,5
3871,6
3872,4
3873,0
3874,1
3875,3
3876,1
3877,3
3878,6
3879,5
3880,6
3881,2
3882,3
3883,1
3884,1
3885,1
3886,6
3887,1
3888,7
3889,0
3890,1
3891,7
3892,4
3893,5
3894,1
3895,4
3896,4
3897,6
3898,7
3899,7
3900,1
3901,0
3902,3
3903,3
3904,4
3905,5
3906,1
3907,7
3908,7
3909,3
3910,0
3911,6
3912,0
3913,0
3914,6
3915,6
3916,0
3917,4
3918,4
3919,4
3920,1
3921,1
3922,1
3923,4
3924,7
3925,1
3926,0
3927,4
3928,1
3929,5
3930,1
3931,6
3932,7
3933,4
3934,5
3935,1
3936,5
3937,6
3938,3
3939,3
3940,6
3941,6
3942,0
3943,0
3944,3
3945,3
3946,1
3947,6
3948,6
3949,1
3950,1
3951,6
3952,3
3953,7
3954,1
3955,4
3956,2
3957,7
3958,0
3959,3
3960,7
3961,7
3962,7
3963,1
3964,4
3965,7
3966,1
3967,1
3968,4
3969,6
3970,5
3971,5
3972,3
3973,4
3974,4
3975,7
3976,6
3977,0
3978,7
3979,2
3980,0
3981,4
3982,0
3983,5
3984,2
3985,3
3986,4
3987,1
3988,0
3989,2
3990,2
3991,2
3992,0
3993,0
3994,4
3995,4
3996,7
3997,6
3998,1
3999,1
4000,3
4001,4
4002,5
4003,1
4004,1
4005,3
4006,2
4007,5
4008,4
4009,2
4010,1
4011,2
4012,7
4013,2
4014,7
4015,4
4016,4
4017,4
4018,4
4019,5
4020,4
4021,5
4022,1
4023,4
4024,4
4025,3
4026,2
4027,3
4028,5
4029,3
4030,1
4031,6
4032,3
4033,1
4034,7
4035,4
4036,0
4037,1
4038,6
4039,5
4040,7
4041,7
4042,1
4043,5
4044,0
4045,6
4046,0
4047,6
4048,5
4049,1
4050,5
4051,6
4052,1
4053,5
4054,1
4055,3
4056,0
4057,7
4058,0
4059,0
4060,4
4061,1
4062,3
4063,0
4064,6
4065,6
4066,4
4067,2
4068,6
4069,6
4070,3
4071,1
4072,7
4073,4
4074,7
4075,1
4076,4
4077,6
4078,2
4079,1
4080,7
4081,6
4082,6
4083,2
4084,7
4085,0
4086,2
4087,3
4088,4
4089,0
4090,2
4091,0
4092,7
4093,7
4094,7
4095,5
4096,0
4097,5
4098,7
4099,4
4100,0
4101,6
4102,5
4103,4
4104,4
4105,4
4106,5
4107,1
4108,6
4109,3
4110,5
4111,3
4112,0
4113,0
4114,1
4115,6
4116,3
4117,3
4118,7
4119,0
4120,4
4121,3
4122,0
4123,0
4124,1
4125,6
4126,7
4127,5
4128,3
4129,1
4130,1
4131,5
4132,6
4133,1
4134,1
4135,1
4136,4
4137,4
4138,5
4139,3
4140,4
4141,2
4142,6
4143,6
4144,4
4145,4
4146,5
4147,6
4148,0
4149,5
4150,0
4151,1
4152,7
4153,1
4154,4
4155,4
4156,7
4157,5
4158,0
4159,1
4160,7
4161,3
4162,6
4163,3
4164,4
4165,4
4166,7
4167,4
4168,0
4169,3
4170,4
4171,4
4172,1
4173,5
4174,6
4175,4
4176,7
4177,6
4178,7
4179,6
4180,7
4181,7
4182,3
4183,2
4184,5
4185,5
4186,5
4187,0
4188,7
4189,1
4190,7
4191,5
4192,1
4193,6
4194,0
4195,5
4196,1
4197,6
4198,2
4199,3
4200,0
4201,4
4202,2
4203,4
4204,2
4205,7
4206,6
4207,7
4208,0
4209,7
4210,3
4211,2
4212,2
4213,4
4214,4
4215,5
4216,5
4217,7
4218,0
4219,7
4220,5
4221,0
4222,7
4223,6
4224,6
4225,1
4226,4
4227,2
4228,4
4229,1
4230,1
4231,4
4232,2
4233,3
4234,4
4235,4
4236,2
4237,1
4238,7
4239,5
4240,0
4241,1
4242,7
4243,1
4244,0
4245,6
4246,5
4247,6
4248,4
4249,1
4250,1
4251,7
4252,2
4253,7
4254,1
4255,2
4256,7
4257,3
4258,3
4259,3
4260,5
4261,6
4262,1
4263,0
4264,6
4265,6
4266,4
4267,7
4268,0
4269,7
4270,4
4271,1
4272,0
4273,7
4274,7
4275,2
4276,7
4277,7
4278,3
4279,3
4280,6
4281,1
4282,3
4283,4
4284,2
4285,1
4286,7
4287,1
4288,7
4289,0
4290,0
4291,4
4292,7
4293,3
4294,2
4295,0
4296,2
4297,2
4298,5
4299,3
4300,6
4301,2
4302,6
4303,5
4304,1
4305,7
4306,2
4307,3
4308,0
4309,4
4310,6
4311,0
4312,3
4313,2
4314,2
4315,6
4316,0
4317,2
4318,0
4319,2
4320,0
4321,2
4322,4
4323,6
4324,4
4325,6
4326,1
4327,6
4328,0
4329,6
4330,0
4331,5
4332,2
4333,3
4334,0
4335,4
4336,6
4337,7
4338,5
4339,0
4340,6
4341,7
4342,2
4343,0
4344,2
4345,2
4346,4
4347,0
4348,7
4349,7
4350,3
4351,4
4352,4
4353,3
4354,2
4355,2
4356,1
4357,1
4358,1
4359,1
4360,0
4361,1
4362,1
4363,1
4364,1
4365,1
4366,1
4367,2
4368,1
4369,3
4370,1
4371,1
4372,3
4373,7
4374,5
4375,5
4376,1
4377,3
4378,1
4379,1
4380,0
4381,1
4382,1
4383,1
4384,1
4385,3
4386,1
4387,1
4388,1
4389,1
4390,3
4391,1
4392,1
4393,1
4394,5
4395,1
4396,1
4397,1
4398,5
4399,7
4400,5
4401,1
4402,5
4403,1
4404,7
4405,1
4406,1
4407,1
4408,7
4409,1
4410,1
4411,1
4412,1
4413,7
4414,1
4415,1
4416,1
4417,1
4418,7
4419,4
4420,4
4421,4
4422,1
4423,4
4424,4
4425,4
4426,6
4427,7
4428,1
4429,7
4430,4
4431,3
4432,4
4433,7
4434,1
4435,7
4436,0
4437,5
4438,2
4439,7
4440,0
4441,0
4442,4
4443,2
4444,4
4445,4
4446,6
4447,0
4448,1
4449,4
4450,1
4451,6
4452,0
4453,4
4454,3
4455,4
4456,2
4457,7
4458,3
4459,1
4460,0
4461,3
4462,7
4463,7
4464,4
4465,0
4466,2
4467,5
4468,7
4469,7
4470,7
4471,7
4472,6
4473,7
4474,0
4475,0
4476,2
4477,5
4478,6
4479,1
4480,6
4481,4
4482,4
4483,3
4484,2
4485,3
4486,7
4487,6
4488,7
4489,4
4490,5
4491,7
4492,5
4493,5
4494,7
4495,1
4496,4
4497,4
4498,4
4499,5
4500,7
4501,4
4502,7
4503,3
4504,6
4505,0
4506,0
4507,5
4508,7
4509,0
4510,0
4511,4
4512,0
4513,1
4514,1
4515,0
4516,7
4517,7
4518,1
4519,0
4520,4
4521,4
4522,7
4523,5
4524,7
4525,1
4526,6
4527,7
4528,2
4529,3
4530,7
4531,0
4532,4
4533,5
4534,4
4535,4
4536,7
4537,6
4538,7
4539,7
4540,2
4541,2
4542,7
4543,6
4544,1
4545,7
4546,6
4547,4
4548,2
4549,3
4550,0
4551,7
4552,6
4553,7
4554,4
4555,6
4556,0
4557,6
4558,7
4559,1
4560,3
4561,0
4562,3
4563,6
4564,7
4565,7
4566,3
4567,1
4568,4
4569,0
4570,7
4571,5
4572,7
4573,2
4574,2
4575,2
4576,0
4577,5
4578,0
4579,4
4580,6
4581,0
4582,0
4583,6
4584,0
4585,7
4586,4
4587,3
4588,5
4589,6
4590,5
4591,6
4592,0
4593,2
4594,7
4595,3
4596,7
4597,5
4598,6
4599,1
4600,7
4601,1
4602,7
4603,2
4604,1
4605,3
4606,2
4607,0
4608,2
4609,1
4610,6
4611,3
4612,6
4613,1
4614,1
4615,3
4616,6
4617,4
4618,1
4619,6
4620,2
4621,4
4622,3
4623,0
4624,6
4625,5
4626,4
4627,1
4628,0
4629,1
4630,4
4631,4
4632,3
4633,4
4634,6
4635,0
4636,6
4637,6
4638,6
4639,2
4640,0
4641,1
4642,6
4643,0
4644,7
4645,6
4646,1
4647,4
4648,2
4649,4
4650,7
4651,7
4652,4
4653,5
4654,4
4655,7
4656,4
4657,1
4658,7
4659,5
4660,4
4661,6
4662,7
4663,0
4664,0
4665,5
4666,7
4667,4
4668,4
4669,6
4670,3
4671,5
4672,0
4673,5
4674,2
4675,4
4676,7
4677,2
4678,7
4679,7
4680,3
4681,1
4682,7
4683,2
4684,1
4685,7
4686,1
4687,1
4688,7
4689,6
4690,7
4691,7
4692,7
4693,7
4694,4
4695,4
4696,4
4697,4
4698,7
4699,3
4700,6
4701,2
4702,4
4703,5
4704,6
4705,7
4706,7
4707,0
4708,7
4709,7
4710,6
4711,2
4712,0
4713,7
4714,4
4715,4
4716,5
4717,3
4718,0
4719,1
4720,0
4721,4
4722,2
4723,3
4724,6
4725,7
4726,0
4727,0
4728,7
4729,6
4730,2
4731,3
4732,3
4733,5
4734,5
4735,7
4736,5
4737,1
4738,1
4739,3
4740,7
4741,0
4742,6
4743,0
4744,7
4745,2
4746,0
4747,6
4748,3
4749,7
4750,1
4751,4
4752,2
4753,5
4754,6
4755,7
4756,4
4757,4
4758,4
4759,5
4760,4
4761,7
4762,3
4763,7
4764,6
4765,0
4766,4
4767,4
4768,0
4769,6
4770,1
4771,0
4772,4
4773,6
4774,3
4775,4
4776,1
4777,3
4778,0
4779,7
4780,0
4781,3
4782,1
4783,7
4784,4
4785,7
4786,7
4787,4
4788,0
4789,7
4790,6
4791,4
4792,7
4793,4
4794,6
4795,2
4796,5
4797,1
4798,2
4799,5
4800,4
4801,2
4802,4
4803,7
4804,7
4805,0
4806,3
4807,2
4808,7
4809,1
4810,6
4811,3
4812,1
4813,1
4814,0
4815,1
4816,7
4817,2
4818,0
4819,0
4820,3
4821,6
4822,2
4823,3
4824,6
4825,6
4826,0
4827,2
4828,5
4829,1
4830,2
4831,4
4832,3
4833,6
4834,2
4835,7
4836,0
4837,1
4838,3
4839,4
4840,1
4841,0
4842,4
4843,4
4844,4
4845,0
4846,0
4847,6
4848,1
4849,1
4850,1
4851,5
4852,7
4853,4
4854,7
4855,7
4856,4
4857,5
4858,7
4859,6
4860,0
4861,4
4862,0
4863,2
4864,7
4865,5
4866,7
4867,0
4868,4
4869,5
4870,3
4871,0
4872,1
4873,5
4874,6
4875,0
4876,3
4877,0
4878,7
4879,1
4880,2
4881,0
4882,4
4883,7
4884,0
4885,6
4886,6
4887,4
4888,0
4889,3
4890,2
4891,1
4892,7
4893,6
4894,2
4895,1
4896,7
4897,2
4898,1
4899,0
4900,0
4901,7
4902,3
4903,3
4904,1
4905,3
4906,5
4907,4
4908,6
4909,2
4910,1
4911,3
4912,2
4913,6
4914,1
4915,0
4916,4
4917,2
4918,2
4919,5
4920,0
4921,1
4922,7
4923,0
4924,2
4925,1
4926,7
4927,4
4928,0
4929,6
4930,5
4931,0
4932,0
4933,2
4934,6
4935,3
4936,4
4937,6
4938,4
4939,4
4940,7
4941,5
4942,7
4943,3
4944,4
4945,6
4946,7
4947,0
4948,1
4949,1
4950,6
4951,5
4952,0
4953,5
4954,2
4955,2
4956,6
4957,5
4958,6
4959,4
4960,1
4961,7
4962,6
4963,7
4964,3
4965,4
4966,5
4967,1
4968,7
4969,5
4970,6
4971,5
4972,1
4973,1
4974,7
4975,2
4976,3
4977,7
4978,4
4979,6
4980,7
4981,3
4982,2
4983,6
4984,4
4985,5
4986,1
4987,7
4988,2
4989,4
4990,7
4991,6
4992,5
4993,7
4994,2
4995,1
4996,3
4997,3
4998,7
4999,4
5000,7
5001,5
5002,7
5003,3
5004,7
5005,2
5006,6
5007,4
5008,0
5009,7
5010,6
5011,1
5012,3
5013,3
5014,3
5015,5
5016,1
5017,6
5018,2
5019,3
5020,1
5021,5
5022,4
5023,4
5024,4
5025,3
5026,3
5027,3
5028,1
5029,1
5030,5
5031,6
5032,0
5033,2
5034,0
5035,5
5036,6
5037,2
5038,4
5039,7
5040,0
5041,1
5042,3
5043,0
5044,2
5045,0
5046,4
5047,1
5048,1
5049,6
5050,1
5051,2
5052,6
5053,7
5054,4
5055,5
5056,3
5057,7
5058,6
5059,7
5060,1
5061,2
5062,7
5063,0
5064,6
5065,1
5066,4
5067,6
5068,5
5069,7
5070,6
5071,6
5072,4
5073,0
5074,3
5075,6
5076,6
5077,7
5078,6
5079,6
5080,2
5081,1
5082,2
5083,4
5084,1
5085,5
5086,2
5087,2
5088,6
5089,2
5090,4
5091,6
5092,2
5093,4
5094,5
5095,1
5096,0
5097,0
5098,0
5099,4
5100,7
5101,4
5102,1
5103,2
5104,7
5105,1
5106,4
5107,2
5108,5
5109,2
5110,5
5111,0
5112,0
5113,0
5114,6
5115,2
5116,0
5117,2
5118,5
5119,0
5120,0
5121,4
5122,2
5123,2
5124,3
5125,1
5126,2
5127,1
5128,1
5129,6
5130,1
5131,5
5132,0
5133,6
5134,4
5135,2
5136,2
5137,7
5138,7
5139,7
5140,6
5141,4
5142,6
5143,6
5144,7
5145,2
5146,6
5147,5
5148,4
5149,7
5150,2
5151,2
5152,1
5153,5
5154,2
5155,2
5156,2
5157,3
5158,6
5159,2
5160,3
5161,3
5162,4
5163,0
5164,6
5165,4
5166,2
5167,7
5168,1
5169,3
5170,3
5171,0
5172,6
5173,7
5174,2
5175,2
5176,2
5177,2
5178,2
5179,6
5180,5
5181,0
5182,4
5183,0
5184,7
5185,0
5186,6
5187,1
5188,0
5189,4
5190,6
5191,3
5192,0
5193,1
5194,7
5195,7
5196,7
5197,7
5198,5
5199,2
5200,1
5201,2
5202,2
5203,0
5204,2
5205,4
5206,7
5207,7
5208,7
5209,5
5210,4
5211,5
5212,5
5213,7
5214,4
5215,4
5216,4
5217,4
5218,5
5219,4
5220,1
5221,6
5222,5
5223,4
5224,7
5225,6
5226,0
5227,0
5228,4
5229,2
5230,6
5231,2
5232,2
5233,3
5234,0
5235,7
5236,1
5237,0
5238,6
5239,7
5240,7
5241,4
5242,6
5243,7
5244,3
5245,5
5246,4
5247,7
5248,0
5249,4
5250,6
5251,7
5252,1
5253,0
5254,6
5255,6
5256,0
5257,5
5258,6
5259,4
5260,6
5261,7
5262,5
5263,2
5264,1
5265,2
5266,6
5267,1
5268,1
5269,2
5270,2
5271,6
5272,3
5273,7
5274,4
5275,4
5276,1
5277,7
5278,7
5279,7
5280,0
5281,2
5282,1
5283,2
5284,5
5285,6
5286,4
5287,0
5288,6
5289,6
5290,7
5291,0
5292,1
5293,3
5294,1
5295,6
5296,1
5297,2
5298,2
5299,1
5300,4
5301,1
5302,2
5303,3
5304,4
5305,5
5306,1
5307,3
5308,1
5309,6
5310,4
5311,3
5312,3
5313,0
5314,2
5315,7
5316,3
5317,7
5318,6
5319,1
5320,2
5321,0
5322,3
5323,3
5324,0
5325,6
5326,2
5327,2
5328,6
5329,6
5330,3
5331,0
5332,2
5333,2
5334,0
5335,1
5336,6
5337,6
5338,2
5339,4
5340,4
5341,6
5342,1
5343,1
5344,7
5345,2
5346,7
5347,0
5348,7
5349,1
5350,2
5351,0
5352,4
5353,1
5354,1
5355,0
5356,1
5357,0
5358,2
5359,7
5360,3
5361,6
5362,4
5363,5
5364,6
5365,6
5366,4
5367,0
5368,4
5369,1
5370,0
5371,2
5372,7
5373,1
5374,7
5375,0
5376,0
5377,6
5378,6
5379,4
5380,2
5381,0
5382,6
5383,1
5384,4
5385,0
5386,0
5387,2
5388,1
5389,0
5390,0
5391,5
5392,4
5393,1
5394,2
5395,3
5396,0
5397,6
5398,3
5399,3
5400,0
5401,4
5402,2
5403,2
5404,0
5405,2
5406,4
5407,6
5408,7
5409,6
5410,4
5411,6
5412,3
5413,6
5414,4
5415,4
5416,7
5417,2
5418,5
5419,6
5420,7
5421,2
5422,2
5423,7
5424,5
5425,7
5426,4
5427,3
5428,6
5429,4
5430,7
5431,6
5432,2
5433,7
5434,4
5435,1
5436,6
5437,1
5438,7
5439,1
5440,0
5441,0
5442,0
5443,3
5444,6
5445,7
5446,6
5447,0
5448,4
5449,0
5450,1
5451,1
5452,6
5453,3
5454,3
5455,7
5456,0
5457,6
5458,2
5459,4
5460,2
5461,6
5462,4
5463,3
5464,4
5465,1
5466,1
5467,7
5468,7
5469,5
5470,0
5471,6
5472,2
5473,4
5474,3
5475,0
5476,7
5477,7
5478,1
5479,3
5480,6
5481,6
5482,4
5483,0
5484,4
5485,4
5486,5
5487,6
5488,5
5489,2
5490,6
5491,1
5492,7
5493,4
5494,4
5495,4
5496,5
5497,4
5498,1
5499,4
5500,4
5501,4
5502,2
5503,4
5504,0
5505,6
5506,7
5507,3
5508,4
5509,3
5510,7
5511,1
5512,4
5513,1
5514,4
5515,4
5516,0
5517,4
5518,7
5519,0
5520,4
5521,2
5522,6
5523,3
5524,7
5525,6
5526,1
5527,4
5528,6
5529,1
5530,6
5531,1
5532,1
5533,2
5534,1
5535,1
5536,0
5537,3
5538,6
5539,4
5540,4
5541,0
5542,4
5543,7
5544,0
5545,6
5546,6
5547,4
5548,4
5549,2
5550,2
5551,1
5552,1
5553,7
5554,2
5555,7
5556,0
5557,2
5558,7
5559,4
5560,7
5561,1
5562,6
5563,6
5564,4
5565,2
5566,3
5567,6
5568,7
5569,5
5570,0
5571,7
5572,6
5573,3
5574,0
5575,2
5576,4
5577,3
5578,7
5579,7
5580,0
5581,0
5582,7
5583,6
5584,2
5585,0
5586,0
5587,0
5588,6
5589,4
5590,4
5591,6
5592,3
5593,6
5594,2
5595,5
5596,7
5597,4
5598,0
5599,0
5600,2
5601,3
5602,7
5603,1
5604,2
5605,2
5606,1
5607,2
5608,2
5609,4
5610,2
5611,5
5612,1
5613,6
5614,0
5615,1
5616,3
5617,3
5618,1
5619,1
5620,3
5621,5
5622,3
5623,0
5624,3
5625,4
5626,1
5627,4
5628,0
5629,4
5630,1
5631,6
5632,6
5633,4
5634,7
5635,4
5636,6
5637,0
5638,6
5639,4
5640,2
5641,0
5642,6
5643,7
5644,3
5645,4
5646,3
5647,1
5648,4
5649,1
5650,0
5651,7
5652,6
5653,0
5654,1
5655,6
5656,1
5657,4
5658,7
5659,2
5660,4
5661,4
5662,4
5663,6
5664,6
5665,6
5666,1
5667,4
5668,3
5669,6
5670,3
5671,0
5672,7
5673,5
5674,5
5675,0
5676,1
5677,0
5678,4
5679,4
5680,4
5681,5
5682,5
5683,1
5684,6
5685,4
5686,4
5687,7
5688,3
5689,6
5690,4
5691,3
5692,0
5693,6
5694,2
5695,7
5696,5
5697,7
5698,6
5699,1
5700,2
5701,3
5702,1
5703,7
5704,4
5705,2
5706,3
5707,4
5708,6
5709,1
5710,0
5711,6
5712,2
5713,6
5714,6
5715,5
5716,4
5717,3
5718,2
5719,1
5720,3
5721,4
5722,0
5723,3
5724,4
5725,1
5726,4
5727,4
5728,1
5729,1
5730,3
5731,7
5732,3
5733,6
5734,6
5735,1
5736,0
5737,0
5738,2
5739,0
5740,0
5741,2
5742,2
5743,4
5744,6
5745,4
5746,6
5747,4
5748,2
5749,0
5750,1
5751,1
5752,4
5753,5
5754,1
5755,4
5756,3
5757,2
5758,0
5759,1
5760,6
5761,5
5762,7
5763,6
5764,6
5765,0
5766,7
5767,7
5768,0
5769,6
5770,7
5771,6
5772,5
5773,6
5774,3
5775,7
5776,7
5777,6
5778,5
5779,6
5780,2
5781,2
5782,1
5783,1
5784,3
5785,7
5786,3
5787,2
5788,4
5789,4
5790,4
5791,6
5792,2
5793,7
5794,1
5795,4
5796,0
5797,0
5798,3
5799,0
5800,6
5801,5
5802,0
5803,2
5804,6
5805,1
5806,7
5807,4
5808,6
5809,7
5810,5
5811,1
5812,6
5813,6
5814,4
5815,6
5816,3
5817,5
5818,6
5819,1
5820,4
5821,6
5822,7
5823,4
5824,2
5825,0
5826,6
5827,4
5828,0
5829,4
5830,7
5831,0
5832,3
5833,6
5834,4
5835,1
5836,3
5837,0
5838,4
5839,1
5840,0
5841,4
5842,3
5843,4
5844,2
5845,3
5846,4
5847,5
5848,6
5849,6
5850,7
5851,3
5852,6
5853,1
5854,4
5855,0
5856,0
5857,1
5858,2
5859,4
5860,7
5861,2
5862,7
5863,1
5864,1
5865,4
5866,3
5867,7
5868,0
5869,5
5870,0
5871,3
5872,5
5873,6
5874,6
5875,6
5876,4
5877,4
5878,3
5879,1
5880,4
5881,4
5882,7
5883,0
5884,0
5885,7
5886,7
5887,1
5888,6
5889,4
5890,1
5891,6
5892,6
5893,4
5894,0
5895,1
5896,6
5897,7
5898,6
5899,6
5900,6
5901,2
5902,3
5903,6
5904,4
5905,7
5906,1
5907,6
5908,5
5909,1
5910,7
5911,6
5912,4
5913,4
5914,7
5915,7
5916,4
5917,5
5918,1
5919,7
5920,7
5921,2
5922,4
5923,5
5924,1
5925,3
5926,6
5927,4
5928,1
5929,1
5930,6
5931,2
5932,1
5933,1
5934,4
5935,5
5936,4
5937,7
5938,4
5939,6
5940,6
5941,3
5942,5
5943,6
5944,0
5945,7
5946,4
5947,6
5948,1
5949,4
5950,6
5951,3
5952,7
5953,5
5954,1
5955,6
5956,6
5957,6
5958,0
5959,0
5960,4
5961,4
5962,3
5963,3
5964,4
5965,6
5966,6
5967,0
5968,1
5969,4
5970,7
5971,3
5972,7
5973,6
5974,5
5975,1
5976,7
5977,1
5978,4
5979,3
5980,6
5981,7
5982,6
5983,6
5984,0
5985,2
5986,4
5987,1
5988,2
5989,2
5990,0
5991,2
5992,0
5993,6
5994,4
5995,6
5996,3
5997,4
5998,5
5999,7
6000,4
6001,4
6002,5
6003,4
6004,4
6005,4
6006,6
6007,1
6008,0
6009,3
6010,3
6011,0
6012,2
6013,0
6014,6
6015,4
6016,6
6017,4
6018,0
6019,0
6020,7
6021,2
6022,5
6023,4
6024,7
6025,0
6026,7
6027,4
6028,7
6029,4
6030,4
6031,2
6032,5
6033,7
6034,7
6035,0
6036,7
6037,0
6038,0
6039,5
6040,6
6041,2
6042,4
6043,0
6044,1
6045,0
6046,4
6047,6
6048,1
6049,0
6050,4
6051,2
6052,2
6053,4
6054,3
6055,6
6056,7
6057,2
6058,1
6059,1
6060,1
6061,5
6062,6
6063,4
6064,5
6065,4
6066,5
6067,5
6068,2
6069,1
6070,0
6071,7
6072,3
6073,4
6074,7
6075,4
6076,7
6077,4
6078,6
6079,0
6080,0
6081,2
6082,6
6083,4
6084,2
6085,4
6086,3
6087,6
6088,1
6089,0
6090,1
6091,3
6092,2
6093,2
6094,6
6095,7
6096,6
6097,2
6098,7
6099,6
6100,0
6101,4
6102,6
6103,5
6104,0
6105,6
6106,7
6107,7
6108,6
6109,0
6110,5
6111,5
6112,1
6113,6
6114,0
6115,4
6116,1
6117,5
6118,7
6119,6
6120,2
6121,5
6122,1
6123,6
6124,2
6125,2
6126,0
6127,2
6128,4
6129,1
6130,2
6131,0
6132,7
6133,4
6134,6
6135,5
6136,0
6137,0
6138,6
6139,2
6140,5
6141,4
6142,3
6143,4
6144,4
6145,0
6146,6
6147,2
6148,5
6149,5
6150,2
6151,0
6152,6
6153,4
6154,0
6155,4
6156,2
6157,5
6158,4
6159,6
6160,6
6161,1
6162,4
6163,3
6164,0
6165,6
6166,6
6167,7
6168,1
6169,4
6170,4
6171,1
6172,6
6173,0
6174,3
6175,2
6176,6
6177,7
6178,4
6179,0
6180,5
6181,7
6182,2
6183,1
6184,6
6185,0
6186,0
6187,7
6188,1
6189,3
6190,5
6191,4
6192,0
6193,6
6194,4
6195,1
6196,0
6197,4
6198,0
6199,6
6200,0
6201,0
6202,4
6203,0
6204,1
6205,4
6206,7
6207,0
6208,7
6209,2
6210,7
6211,1
6212,2
6213,6
6214,2
6215,0
6216,7
6217,7
6218,0
6219,4
6220,0
6221,6
6222,0
6223,1
6224,1
6225,5
6226,3
6227,2
6228,5
6229,6
6230,7
6231,7
6232,1
6233,3
6234,2
6235,2
6236,4
6237,4
6238,7
6239,4
6240,1
6241,4
6242,3
6243,5
6244,4
6245,6
6246,7
6247,4
6248,2
6249,0
6250,1
6251,0
6252,2
6253,6
6254,0
6255,2
6256,7
6257,7
6258,0
6259,6
6260,0
6261,7
6262,2
6263,0
6264,6
6265,5
6266,0
6267,4
6268,2
6269,2
6270,5
6271,7
6272,6
6273,1
6274,7
6275,4
6276,2
6277,4
6278,7
6279,5
6280,1
6281,1
6282,7
6283,1
6284,0
6285,7
6286,1
6287,0
6288,2
6289,2
6290,5
6291,3
6292,4
6293,6
6294,0
6295,4
6296,1
6297,1
6298,4
6299,3
6300,7
6301,2
6302,1
6303,4
6304,4
6305,5
6306,1
6307,6
6308,3
6309,4
6310,3
6311,1
6312,6
6313,2
6314,4
6315,2
6316,6
6317,6
6318,4
6319,1
6320,6
6321,6
6322,1
6323,4
6324,5
6325,4
6326,0
6327,4
6328,1
6329,2
6330,4
6331,7
6332,6
6333,7
6334,4
6335,6
6336,5
6337,0
6338,3
6339,0
6340,1
6341,1
6342,2
6343,4
6344,5
6345,2
6346,7
6347,4
6348,5
6349,1
6350,5
6351,2
6352,4
6353,6
6354,4
6355,3
6356,7
6357,2
6358,2
6359,7
6360,0
6361,1
6362,7
6363,2
6364,5
6365,7
6366,1
6367,5
6368,5
6369,0
6370,1
6371,2
6372,3
6373,3
6374,7
6375,0
6376,7
6377,2
6378,3
6379,0
6380,4
6381,2
6382,4
6383,0
6384,0
6385,7
6386,7
6387,5
6388,2
6389,0
6390,7
6391,1
6392,4
6393,3
6394,6
6395,1
6396,6
6397,5
6398,1
6399,2
6400,4
6401,2
6402,4
6403,0
6404,6
6405,7
6406,5
6407,4
6408,3
6409,2
6410,5
6411,0
6412,1
6413,0
6414,2
6415,4
6416,3
6417,1
6418,6
6419,4
6420,5
6421,2
6422,6
6423,7
6424,7
6425,1
6426,5
6427,3
6428,1
6429,2
6430,2
6431,2
6432,1
6433,1
6434,5
6435,5
6436,3
6437,0
6438,0
6439,1
6440,2
6441,7
6442,1
6443,4
6444,4
6445,2
6446,6
6447,0
6448,1
6449,7
6450,5
6451,6
6452,7
6453,3
6454,3
6455,6
6456,1
6457,1
6458,2
6459,5
6460,0
6461,7
6462,6
6463,4
6464,6
6465,7
6466,2
6467,2
6468,5
6469,4
6470,0
6471,7
6472,0
6473,7
6474,4
6475,5
6476,1
6477,4
6478,0
6479,3
6480,7
6481,7
6482,7
6483,0
6484,0
6485,4
6486,6
6487,0
6488,2
6489,7
6490,5
6491,2
6492,0
6493,6
6494,6
6495,6
6496,4
6497,3
6498,3
6499,7
6500,2
6501,0
6502,7
6503,4
6504,4
6505,2
6506,7
6507,3
6508,7
6509,2
6510,5
6511,0
6512,7
6513,6
6514,7
6515,7
6516,0
6517,4
6518,1
6519,0
6520,3
6521,7
6522,6
6523,5
6524,7
6525,4
6526,7
6527,1
6528,6
6529,6
6530,4
6531,1
6532,2
6533,4
6534,3
6535,7
6536,7
6537,6
6538,4
6539,1
6540,5
6541,5
6542,4
6543,6
6544,1
6545,6
6546,7
6547,7
6548,4
6549,7
6550,5
6551,4
6552,1
6553,4
6554,3
6555,4
6556,1
6557,4
6558,1
6559,4
6560,6
6561,1
6562,7
6563,4
6564,1
6565,4
6566,2
6567,1
6568,7
6569,1
6570,2
6571,2
6572,2
6573,2
6574,2
6575,2
6576,2
6577,6
6578,7
6579,4
6580,6
6581,4
6582,2
6583,5
6584,6
6585,6
6586,6
6587,5
6588,7
6589,4
6590,6
6591,7
6592,6
6593,4
6594,5
6595,2
6596,1
6597,5
6598,6
6599,1
6600,7
6601,6
6602,1
6603,0
6604,6
6605,4
6606,1
6607,4
6608,0
6609,0
6610,4
6611,1
6612,5
6613,1
6614,5
6615,4
6616,7
6617,4
6618,2
6619,5
6620,7
6621,2
6622,4
6623,1
6624,0
6625,1
6626,6
6627,4
6628,6
6629,7
6630,7
6631,6
6632,4
6633,2
6634,4
6635,1
6636,4
6637,3
6638,0
6639,1
6640,5
6641,1
6642,4
6643,2
6644,4
6645,3
6646,7
6647,1
6648,4
6649,4
6650,5
6651,6
6652,4
6653,3
6654,7
6655,1
6656,1
6657,4
6658,7
6659,6
6660,0
6661,2
6662,6
6663,7
6664,2
6665,0
6666,7
6667,4
6668,3
6669,2
6670,0
6671,4
6672,7
6673,4
6674,1
6675,3
6676,2
6677,7
6678,2
6679,2
6680,2
6681,2
6682,2
6683,2
6684,2
6685,0
6686,2
6687,0
6688,5
6689,2
6690,2
6691,2
6692,3
6693,2
6694,2
6695,2
6696,7
6697,2
6698,2
6699,2
6700,5
6701,2
6702,3
6703,6
6704,7
6705,4
6706,2
6707,2
6708,7
6709,1
6710,4
6711,2
6712,2
6713,4
6714,2
6715,2
6716,1
6717,5
6718,4
6719,2
6720,7
6721,4
6722,2
6723,1
6724,2
6725,2
6726,7
6727,6
6728,2
6729,4
6730,2
6731,2
6732,6
6733,4
6734,2
6735,5
6736,0
6737,7
6738,3
6739,4
6740,2
6741,4
6742,6
6743,3
6744,1
6745,4
6746,4
6747,3
6748,7
6749,6
6750,1
6751,4
6752,1
6753,1
6754,3
6755,7
6756,1
6757,2
6758,1
6759,2
6760,3
6761,1
6762,2
6763,7
6764,4
6765,2
6766,2
6767,1
6768,2
6769,2
6770,3
6771,3
6772,3
6773,0
6774,3
6775,2
6776,0
6777,1
6778,0
6779,2
6780,6
6781,7
6782,6
6783,7
6784,0
6785,2
6786,4
6787,7
6788,4
6789,0
6790,6
6791,7
6792,4
6793,0
6794,5
6795,3
6796,4
6797,1
6798,6
6799,7
6800,4
6801,2
6802,7
6803,1
6804,7
6805,3
6806,0
6807,1
6808,7
6809,6
6810,6
6811,1
6812,7
6813,7
6814,4
6815,7
6816,4
6817,3
6818,3
6819,7
6820,1
6821,5
6822,7
6823,1
6824,1
6825,4
6826,3
6827,7
6828,5
6829,2
6830,5
6831,1
6832,4
6833,1
6834,4
6835,7
6836,6
6837,1
6838,1
6839,4
6840,3
6841,3
6842,4
6843,4
6844,2
6845,5
6846,0
6847,7
6848,4
6849,4
6850,5
6851,6
6852,4
6853,4
6854,4
6855,3
6856,0
6857,0
6858,2
6859,7
6860,7
6861,4
6862,2
6863,0
6864,0
6865,4
6866,5
6867,1
6868,7
6869,0
6870,0
6871,1
6872,3
6873,6
6874,6
6875,0
6876,1
6877,3
6878,1
6879,4
6880,7
6881,4
6882,2
6883,7
6884,7
6885,4
6886,2
6887,1
6888,0
6889,7
6890,5
6891,6
6892,3
6893,3
6894,7
6895,5
6896,0
6897,3
6898,4
6899,1
6900,2
6901,7
6902,2
6903,1
6904,2
6905,7
6906,0
6907,5
6908,2
6909,4
6910,7
6911,7
6912,7
6913,6
6914,6
6915,3
6916,5
6917,1
6918,1
6919,7
6920,2
6921,7
6922,1
6923,0
6924,3
6925,7
6926,6
6927,6
6928,1
6929,7
6930,1
6931,3
6932,4
6933,6
6934,4
6935,2
6936,0
6937,7
6938,2
6939,0
6940,6
6941,1
6942,2
6943,7
6944,1
6945,4
6946,2
6947,6
6948,1
6949,6
6950,3
6951,5
6952,6
6953,2
6954,5
6955,2
6956,1
6957,3
6958,6
6959,6
6960,2
6961,7
6962,2
6963,6
6964,7
6965,5
6966,0
6967,4
6968,2
6969,7
6970,1
6971,2
6972,2
6973,1
6974,1
6975,6
6976,6
6977,2
6978,5
6979,5
6980,4
6981,6
6982,3
6983,3
6984,5
6985,1
6986,2
6987,0
6988,7
6989,4
6990,0
6991,5
6992,5
6993,2
6994,2
6995,3
6996,5
6997,2
6998,7
6999,6
7000,7
7001,2
7002,1
7003,5
7004,7
7005,0
7006,7
7007,6
7008,2
7009,2
7010,1
7011,1
7012,7
7013,2
7014,7
7015,2
7016,1
7017,0
7018,2
7019,4
7020,7
7021,3
7022,7
7023,3
7024,3
7025,4
7026,1
7027,3
7028,1
7029,7
7030,0
7031,7
7032,3
7033,7
7034,5
7035,2
7036,1
7037,3
7038,0
7039,3
7040,3
7041,3
7042,5
7043,6
7044,2
7045,4
7046,3
7047,0
7048,6
7049,0
7050,6
7051,7
7052,1
7053,4
7054,1
7055,2
7056,0
7057,5
7058,6
7059,6
7060,0
7061,0
7062,6
7063,3
7064,4
7065,3
7066,3
7067,7
7068,4
7069,7
7070,6
7071,4
7072,1
7073,5
7074,0
7075,3
7076,5
7077,5
7078,6
7079,0
7080,2
7081,6
7082,5
7083,0
7084,0
7085,6
7086,7
7087,4
7088,1
7089,0
7090,1
7091,4
7092,7
7093,6
7094,5
7095,1
7096,4
7097,2
7098,0
7099,1
7100,1
7101,4
7102,5
7103,6
7104,7
7105,4
7106,0
7107,1
7108,1
7109,5
7110,4
7111,6
7112,4
7113,6
7114,4
7115,4
7116,5
7117,6
7118,0
7119,3
7120,1
7121,0
7122,2
7123,3
7124,7
7125,0
7126,2
7127,2
7128,5
7129,4
7130,7
7131,1
7132,4
7133,1
7134,7
7135,2
7136,2
7137,6
7138,6
7139,3
7140,5
7141,4
7142,0
7143,4
7144,4
7145,3
7146,2
7147,2
7148,1
7149,7
7150,7
7151,6
7152,7
7153,6
7154,5
7155,1
7156,7
7157,1
7158,6
7159,2
7160,0
7161,1
7162,1
7163,1
7164,5
7165,1
7166,6
7167,1
7168,7
7169,4
7170,5
7171,1
7172,4
7173,2
7174,0
7175,4
7176,0
7177,1
7178,6
7179,4
7180,6
7181,1
7182,6
7183,0
7184,4
7185,4
7186,6
7187,7
7188,4
7189,5
7190,0
7191,1
7192,0
7193,1
7194,6
7195,7
7196,6
7197,2
7198,7
7199,0
7200,3
7201,0
7202,4
7203,4
7204,3
7205,4
7206,1
7207,2
7208,0
7209,5
7210,7
7211,4
7212,0
7213,6
7214,1
7215,4
7216,1
7217,4
7218,7
7219,5
7220,0
7221,7
7222,2
7223,0
7224,7
7225,3
7226,4
7227,7
7228,6
7229,3
7230,2
7231,6
7232,7
7233,5
7234,1
7235,7
7236,1
7237,7
7238,7
7239,0
7240,4
7241,7
7242,6
7243,4
7244,0
7245,4
7246,5
7247,2
7248,4
7249,3
7250,4
7251,3
7252,6
7253,2
7254,2
7255,4
7256,7
7257,6
7258,1
7259,4
7260,0
7261,4
7262,1
7263,1
7264,6
7265,0
7266,7
7267,7
7268,4
7269,4
7270,1
7271,4
7272,0
7273,6
7274,0
7275,1
7276,4
7277,4
7278,4
7279,5
7280,4
7281,3
7282,4
7283,2
7284,2
7285,2
7286,4
7287,1
7288,0
7289,0
7290,5
7291,0
7292,3
7293,5
7294,6
7295,4
7296,0
7297,1
7298,6
7299,7
7300,1
7301,6
7302,2
7303,4
7304,3
7305,6
7306,0
7307,4
7308,6
7309,0
7310,6
7311,0
7312,6
7313,0
7314,1
7315,1
7316,5
7317,2
7318,6
7319,4
7320,4
7321,4
7322,7
7323,6
7324,7
7325,7
7326,6
7327,4
7328,7
7329,2
7330,5
7331,4
7332,0
7333,6
7334,0
7335,7
7336,4
7337,7
7338,6
7339,1
7340,6
7341,3
7342,5
7343,1
7344,4
7345,7
7346,4
7347,1
7348,0
7349,0
7350,5
7351,7
7352,5
7353,1
7354,1
7355,6
7356,7
7357,4
7358,0
7359,7
7360,7
7361,0
7362,4
7363,5
7364,5
7365,7
7366,3
7367,3
7368,7
7369,7
7370,1
7371,5
7372,2
7373,6
7374,1
7375,4
7376,0
7377,7
7378,0
7379,6
7380,1
7381,5
7382,1
7383,6
7384,4
7385,5
7386,3
7387,1
7388,7
7389,1
7390,4
7391,0
7392,6
7393,1
7394,2
7395,4
7396,2
7397,7
7398,2
7399,3
7400,4
7401,0
7402,5
7403,0
7404,5
7405,4
7406,2
7407,5
7408,6
7409,2
7410,7
7411,2
7412,0
7413,1
7414,0
7415,6
7416,6
7417,0
7418,6
7419,5
7420,3
7421,1
7422,6
7423,0
7424,3
7425,3
7426,6
7427,3
7428,7
7429,2
7430,4
7431,6
7432,4
7433,4
7434,7
7435,3
7436,0
7437,5
7438,4
7439,4
7440,4
7441,5
7442,3
7443,4
7444,6
7445,2
7446,3
7447,4
7448,3
7449,1
7450,4
7451,2
7452,6
7453,1
7454,0
7455,2
7456,4
7457,5
7458,6
7459,0
7460,5
7461,4
7462,7
7463,4
7464,1
7465,2
7466,0
7467,6
7468,4
7469,4
7470,4
7471,7
7472,2
7473,5
7474,6
7475,1
7476,1
7477,5
7478,0
7479,5
7480,2
7481,6
7482,1
7483,5
7484,4
7485,0
7486,6
7487,1
7488,4
7489,6
7490,6
7491,2
7492,1
7493,4
7494,7
7495,2
7496,5
7497,1
7498,3
7499,5
7500,4
7501,0
7502,5
7503,6
7504,4
7505,2
7506,6
7507,1
7508,0
7509,0
7510,1
7511,3
7512,6
7513,2
7514,3
7515,4
7516,4
7517,1
7518,3
7519,6
7520,3
7521,0
7522,3
7523,0
7524,7
7525,4
7526,0
7527,2
7528,4
7529,1
7530,3
7531,0
7532,7
7533,3
7534,5
7535,7
7536,2
7537,7
7538,0
7539,2
7540,2
7541,7
7542,0
7543,0
7544,6
7545,1
7546,1
7547,2
7548,7
7549,5
7550,7
7551,4
7552,1
7553,0
7554,4
7555,3
7556,1
7557,1
7558,7
7559,2
7560,0
7561,5
7562,1
7563,1
7564,6
7565,7
7566,1
7567,1
7568,6
7569,0
7570,0
7571,1
7572,2
7573,7
7574,1
7575,0
7576,6
7577,7
7578,6
7579,1
7580,1
7581,1
7582,2
7583,4
7584,5
7585,6
7586,3
7587,0
7588,0
7589,7
7590,7
7591,4
7592,7
7593,0
7594,3
7595,3
7596,4
7597,3
7598,7
7599,5
7600,6
7601,3
7602,2
7603,7
7604,7
7605,1
7606,6
7607,2
7608,1
7609,4
7610,7
7611,5
7612,2
7613,4
7614,7
7615,3
7616,5
7617,7
7618,2
7619,0
7620,3
7621,1
7622,7
7623,6
7624,0
7625,1
7626,3
7627,2
7628,6
7629,7
7630,1
7631,4
7632,0
7633,4
7634,4
7635,1
7636,0
7637,7
7638,4
7639,2
7640,1
7641,4
7642,4
7643,4
7644,3
7645,2
7646,5
7647,4
7648,0
7649,7
7650,1
7651,3
7652,0
7653,0
7654,7
7655,7
7656,7
7657,4
7658,3
7659,4
7660,7
7661,3
7662,4
7663,7
7664,5
7665,7
7666,0
7667,3
7668,1
7669,1
7670,6
7671,6
7672,7
7673,4
7674,4
7675,6
7676,1
7677,7
7678,3
7679,7
7680,6
7681,1
7682,0
7683,0
7684,3
7685,3
7686,5
7687,1
7688,1
7689,3
7690,4
7691,5
7692,4
7693,1
7694,7
7695,7
7696,0
7697,5
7698,2
7699,5
7700,7
7701,5
7702,3
7703,3
7704,0
7705,6
7706,1
7707,6
7708,5
7709,7
7710,1
7711,4
7712,6
7713,1
7714,4
7715,2
7716,4
7717,3
7718,4
7719,1
7720,3
7721,1
7722,7
7723,0
7724,3
7725,6
7726,2
7727,5
7728,5
7729,4
7730,7
7731,0
7732,4
7733,1
7734,5
7735,5
7736,1
7737,1
7738,0
7739,3
7740,4
7741,6
7742,2
7743,5
7744,5
7745,3
7746,3
7747,0
7748,5
7749,6
7750,3
7751,1
7752,1
7753,5
7754,0
7755,6
7756,3
7757,0
7758,4
7759,6
7760,5
7761,0
7762,6
7763,7
7764,4
7765,0
7766,1
7767,2
7768,1
7769,1
7770,1
7771,0
7772,7
7773,4
7774,3
7775,4
7776,7
7777,4
7778,6
7779,6
7780,7
7781,3
7782,3
7783,1
7784,4
7785,0
7786,1
7787,6
7788,6
7789,3
7790,2
7791,1
7792,6
7793,6
7794,6
7795,1
7796,3
7797,3
7798,1
7799,2
7800,3
7801,6
7802,2
7803,0
7804,1
7805,0
7806,0
7807,5
7808,2
7809,4
7810,2
7811,5
7812,1
7813,7
7814,5
7815,3
7816,7
7817,6
7818,4
7819,0
7820,1
7821,2
7822,2
7823,7
7824,6
7825,4
7826,2
7827,6
7828,2
7829,0
7830,7
7831,3
7832,1
7833,6
7834,4
7835,2
7836,0
7837,1
7838,5
7839,2
7840,1
7841,6
7842,7
7843,2
7844,7
7845,7
7846,4
7847,7
7848,5
7849,2
7850,0
7851,6
7852,3
7853,3
7854,1
7855,2
7856,5
7857,1
7858,2
7859,3
7860,3
7861,4
7862,3
7863,5
7864,7
7865,4
7866,3
7867,7
7868,1
7869,5
7870,0
7871,4
7872,7
7873,5
7874,6
7875,3
7876,7
7877,1
7878,5
7879,5
7880,7
7881,2
7882,1
7883,7
7884,2
7885,7
7886,6
7887,3
7888,1
7889,2
7890,5
7891,6
7892,5
7893,1
7894,4
7895,6
7896,1
7897,0
7898,1
7899,0
7900,0
7901,1
7902,0
7903,4
7904,4
7905,0
7906,7
7907,1
7908,1
7909,4
7910,1
7911,6
7912,4
7913,7
7914,6
7915,6
7916,7
7917,7
7918,6
7919,7
7920,3
7921,2
7922,7
7923,7
7924,6
7925,7
7926,6
7927,7
7928,1
7929,7
7930,7
7931,2
7932,3
7933,7
7934,4
7935,1
7936,5
7937,7
7938,4
7939,6
7940,6
7941,2
7942,3
7943,4
7944,1
7945,0
7946,6
7947,1
7948,2
7949,0
7950,2
7951,7
7952,1
7953,4
7954,5
7955,1
7956,3
7957,5
7958,7
7959,1
7960,6
7961,7
7962,2
7963,4
7964,4
7965,1
7966,1
7967,4
7968,6
7969,6
7970,4
7971,4
7972,2
7973,2
7974,1
7975,0
7976,1
7977,5
7978,1
7979,0
7980,4
7981,4
7982,4
7983,1
7984,5
7985,1
7986,5
7987,7
7988,6
7989,3
7990,3
7991,5
7992,1
7993,1
7994,5
7995,6
7996,1
7997,4
7998,4
7999,0
8000,6
8001,5
8002,1
8003,1
8004,5
8005,4
8006,6
8007,4
8008,4
8009,1
8010,1
8011,2
8012,0
8013,1
8014,0
8015,7
8016,3
8017,4
8018,5
8019,4
8020,7
8021,6
8022,7
8023,2
8024,0
8025,6
8026,2
8027,3
8028,7
8029,4
8030,0
8031,4
8032,5
8033,6
8034,6
8035,0
8036,2
8037,6
8038,1
8039,7
8040,3
8041,4
8042,4
8043,1
8044,1
8045,6
8046,2
8047,4
8048,6
8049,3
8050,1
8051,1
8052,5
8053,3
8054,2
8055,2
8056,0
8057,2
8058,1
8059,0
8060,2
8061,2
8062,2
8063,2
8064,4
8065,7
8066,3
8067,1
8068,4
8069,0
8070,7
8071,6
8072,1
8073,6
8074,6
8075,4
8076,3
8077,5
8078,6
8079,0
8080,6
8081,2
8082,4
8083,1
8084,5
8085,3
8086,2
8087,5
8088,6
8089,3
8090,6
8091,4
8092,7
8093,2
8094,6
8095,4
8096,3
8097,6
8098,2
8099,6
8100,1
8101,7
8102,6
8103,6
8104,1
8105,4
8106,0
8107,0
8108,6
8109,1
8110,4
8111,7
8112,1
8113,1
8114,1
8115,1
8116,1
8117,1
8118,5
8119,6
8120,1
8121,0
8122,1
8123,4
8124,5
8125,1
8126,0
8127,0
8128,7
8129,4
8130,7
8131,4
8132,4
8133,2
8134,4
8135,0
8136,1
8137,5
8138,0
8139,6
8140,3
8141,4
8142,1
8143,1
8144,0
8145,1
8146,2
8147,5
8148,3
8149,1
8150,0
8151,5
8152,0
8153,5
8154,1
8155,0
8156,4
8157,4
8158,7
8159,0
8160,2
8161,3
8162,0
8163,4
8164,6
8165,7
8166,4
8167,2
8168,6
8169,1
8170,4
8171,3
8172,0
8173,7
8174,7
8175,0
8176,7
8177,6
8178,4
8179,2
8180,6
8181,0
8182,0
8183,0
8184,5
8185,3
8186,1
8187,3
8188,1
8189,2
8190,4
8191,0
8192,2
8193,1
8194,1
8195,5
8196,6
8197,4
8198,3
8199,7
8200,0
8201,4
8202,5
8203,4
8204,4
8205,2
8206,4
8207,0
8208,0
8209,4
8210,7
8211,3
8212,7
8213,2
8214,6
8215,6
8216,5
8217,1
8218,4
8219,4
8220,0
8221,1
8222,6
8223,7
8224,5
8225,2
8226,4
8227,3
8228,5
8229,4
8230,6
8231,5
8232,7
8233,4
8234,4
8235,0
8236,6
8237,5
8238,0
8239,1
8240,6
8241,0
8242,6
8243,5
8244,7
8245,1
8246,4
8247,4
8248,7
8249,7
8250,4
8251,6
8252,1
8253,5
8254,0
8255,7
8256,0
8257,3
8258,0
8259,3
8260,5
8261,6
8262,5
8263,0
8264,6
8265,5
8266,5
8267,0
8268,2
8269,1
8270,3
8271,7
8272,7
8273,0
8274,0
8275,6
8276,3
8277,0
8278,4
8279,5
8280,6
8281,4
8282,6
8283,7
8284,5
8285,2
8286,2
8287,6
8288,6
8289,5
8290,6
8291,7
8292,4
8293,0
8294,4
8295,4
8296,5
8297,2
8298,3
8299,6
8300,0
8301,6
8302,1
8303,1
8304,4
8305,5
8306,0
8307,5
8308,6
8309,1
8310,6
8311,2
8312,6
8313,4
8314,3
8315,0
8316,2
8317,4
8318,3
8319,3
8320,2
8321,4
8322,1
8323,2
8324,5
8325,1
8326,3
8327,5
8328,2
8329,1
8330,0
8331,4
8332,6
8333,4
8334,0
8335,5
8336,5
8337,1
8338,2
8339,6
8340,7
8341,4
8342,6
8343,5
8344,6
8345,2
8346,5
8347,4
8348,5
8349,1
8350,1
8351,1
8352,3
8353,2
8354,7
8355,0
8356,1
8357,5
8358,4
8359,1
8360,0
8361,0
8362,5
8363,7
8364,1
8365,6
8366,4
8367,6
8368,3
8369,4
8370,0
8371,6
8372,0
8373,1
8374,7
8375,5
8376,4
8377,3
8378,2
8379,2
8380,6
8381,2
8382,2
8383,2
8384,2
8385,5
8386,2
8387,1
8388,1
8389,1
8390,1
8391,5
8392,5
8393,1
8394,6
8395,6
8396,1
8397,6
8398,5
8399,2
8400,6
8401,0
8402,6
8403,4
8404,7
8405,6
8406,0
8407,5
8408,6
8409,7
8410,1
8411,5
8412,6
8413,0
8414,4
8415,5
8416,6
8417,4
8418,7
8419,4
8420,3
8421,2
8422,2
8423,2
8424,1
8425,7
8426,3
8427,2
8428,4
8429,6
8430,7
8431,2
8432,0
8433,6
8434,2
8435,4
8436,6
8437,6
8438,0
8439,6
8440,6
8441,7
8442,4
8443,1
8444,4
8445,4
8446,1
8447,6
8448,2
8449,1
8450,1
8451,7
8452,7
8453,0
8454,2
8455,0
8456,4
8457,4
8458,0
8459,6
8460,3
8461,7
8462,1
8463,4
8464,3
8465,0
8466,2
8467,4
8468,6
8469,6
8470,1
8471,3
8472,7
8473,2
8474,2
8475,0
8476,6
8477,6
8478,5
8479,4
8480,6
8481,7
8482,7
8483,3
8484,4
8485,3
8486,6
8487,0
8488,0
8489,4
8490,0
8491,1
8492,7
8493,3
8494,7
8495,4
8496,2
8497,3
8498,7
8499,7
8500,1
8501,1
8502,6
8503,4
8504,4
8505,5
8506,5
8507,0
8508,4
8509,1
8510,4
8511,6
8512,4
8513,2
8514,6
8515,3
8516,7
8517,3
8518,1
8519,2
8520,6
8521,1
8522,2
8523,4
8524,4
8525,2
8526,4
8527,0
8528,5
8529,0
8530,4
8531,0
8532,4
8533,7
8534,0
8535,0
8536,5
8537,0
8538,0
8539,1
8540,4
8541,6
8542,0
8543,7
8544,3
8545,0
8546,2
8547,6
8548,4
8549,1
8550,4
8551,2
8552,2
8553,0
8554,0
8555,7
8556,2
8557,0
8558,4
8559,4
8560,7
8561,1
8562,3
8563,2
8564,2
8565,1
8566,5
8567,3
8568,1
8569,0
8570,5
8571,4
8572,5
8573,1
8574,4
8575,0
8576,1
8577,3
8578,3
8579,1
8580,6
8581,7
8582,4
8583,2
8584,7
8585,4
8586,4
8587,1
8588,1
8589,1
8590,5
8591,6
8592,6
8593,5
8594,1
8595,5
8596,6
8597,5
8598,0
8599,0
8600,1
8601,1
8602,7
8603,6
8604,0
8605,1
8606,6
8607,3
8608,1
8609,5
8610,2
8611,3
8612,2
8613,6
8614,6
8615,1
8616,7
8617,6
8618,1
8619,7
8620,1
8621,6
8622,0
8623,4
8624,5
8625,7
8626,2
8627,4
8628,7
8629,2
8630,0
8631,6
8632,0
8633,6
8634,6
8635,6
8636,4
8637,2
8638,4
8639,0
8640,2
8641,6
8642,6
8643,1
8644,7
8645,5
8646,4
8647,1
8648,7
8649,6
8650,0
8651,7
8652,4
8653,7
8654,5
8655,4
8656,2
8657,7
8658,6
8659,5
8660,4
8661,6
8662,7
8663,7
8664,0
8665,4
8666,7
8667,1
8668,1
8669,1
8670,1
8671,5
8672,0
8673,1
8674,2
8675,1
8676,2
8677,4
8678,1
8679,4
8680,6
8681,2
8682,4
8683,1
8684,7
8685,1
8686,5
8687,3
8688,3
8689,6
8690,0
8691,7
8692,6
8693,4
8694,1
8695,5
8696,6
8697,1
8698,1
8699,4
8700,1
8701,7
8702,7
8703,1
8704,7
8705,0
8706,7
8707,1
8708,3
8709,1
8710,6
8711,4
8712,3
8713,2
8714,7
8715,0
8716,6
8717,3
8718,2
8719,4
8720,1
8721,2
8722,7
8723,4
8724,6
8725,1
8726,3
8727,2
8728,4
8729,1
8730,4
8731,0
8732,2
8733,0
8734,2
8735,6
8736,5
8737,6
8738,2
8739,7
8740,0
8741,0
8742,0
8743,0
8744,6
8745,3
8746,6
8747,7
8748,6
8749,3
8750,2
8751,1
8752,2
8753,4
8754,0
8755,1
8756,7
8757,1
8758,2
8759,2
8760,2
8761,3
8762,1
8763,4
8764,7
8765,6
8766,6
8767,0
8768,0
8769,4
8770,1
8771,2
8772,2
8773,4
8774,2
8775,5
8776,3
8777,1
8778,2
8779,4
8780,4
8781,2
8782,1
8783,0
8784,6
8785,4
8786,1
8787,6
8788,2
8789,3
8790,3
8791,3
8792,6
8793,5
8794,7
8795,5
8796,7
8797,2
8798,1
8799,6
8800,0
8801,7
8802,0
8803,2
8804,0
8805,1
8806,2
8807,1
8808,0
8809,1
8810,7
8811,7
8812,0
8813,4
8814,0
8815,5
8816,1
8817,0
8818,0
8819,1
8820,2
8821,6
8822,7
8823,7
8824,1
8825,6
8826,6
8827,6
8828,7
8829,1
8830,6
8831,4
8832,5
8833,6
8834,7
8835,1
8836,0
8837,5
8838,4
8839,2
8840,7
8841,3
8842,2
8843,0
8844,3
8845,1
8846,7
8847,1
8848,3
8849,7
8850,0
8851,3
8852,7
8853,1
8854,1
8855,3
8856,6
8857,3
8858,3
8859,4
8860,1
8861,3
8862,1
8863,1
8864,0
8865,1
8866,0
8867,4
8868,3
8869,7
8870,4
8871,6
8872,0
8873,7
8874,0
8875,3
8876,4
8877,6
8878,1
8879,0
8880,5
8881,4
8882,7
8883,4
8884,6
8885,1
8886,7
8887,0
8888,3
8889,4
8890,0
8891,5
8892,6
8893,0
8894,6
8895,1
8896,3
8897,0
8898,4
8899,6
8900,4
8901,6
8902,4
8903,3
8904,0
8905,1
8906,1
8907,2
8908,7
8909,2
8910,4
8911,1
8912,1
8913,4
8914,0
8915,1
8916,0
8917,0
8918,7
8919,1
8920,6
8921,3
8922,7
8923,2
8924,7
8925,2
8926,0
8927,7
8928,5
8929,6
8930,0
8931,2
8932,1
8933,1
8934,3
8935,5
8936,1
8937,3
8938,0
8939,7
8940,4
8941,3
8942,3
8943,7
8944,4
8945,4
8946,1
8947,3
8948,1
8949,4
8950,4
8951,2
8952,4
8953,6
8954,2
8955,7
8956,2
8957,3
8958,3
8959,4
8960,2
8961,4
8962,5
8963,0
8964,5
8965,2
8966,0
8967,4
8968,2
8969,7
8970,1
8971,7
8972,1
8973,2
8974,2
8975,6
8976,6
8977,6
8978,1
8979,2
8980,6
8981,1
8982,6
8983,2
8984,1
8985,1
8986,7
8987,2
8988,4
8989,5
8990,4
8991,1
8992,2
8993,6
8994,3
8995,3
8996,2
8997,4
8998,6
8999,1
9000,0
9001,4
9002,7
9003,2
9004,6
9005,4
9006,2
9007,5
9008,0
9009,7
9010,4
9011,0
9012,5
9013,6
9014,6
9015,0
9016,6
9017,2
9018,3
9019,0
9020,6
9021,6
9022,7
9023,0
9024,6
9025,6
9026,1
9027,0
9028,7
9029,0
9030,6
9031,6
9032,1
9033,4
9034,1
9035,2
9036,7
9037,4
9038,6
9039,1
9040,6
9041,1
9042,0
9043,5
9044,0
9045,4
9046,3
9047,0
9048,0
9049,1
9050,5
9051,1
9052,6
9053,0
9054,1
9055,4
9056,0
9057,3
9058,0
9059,4
9060,0
9061,1
9062,0
9063,4
9064,2
9065,6
9066,4
9067,5
9068,7
9069,1
9070,3
9071,7
9072,7
9073,0
9074,4
9075,2
9076,3
9077,2
9078,7
9079,1
9080,7
9081,4
9082,4
9083,6
9084,3
9085,4
9086,0
9087,4
9088,6
9089,6
9090,7
9091,6
9092,6
9093,2
9094,1
9095,4
9096,4
9097,0
9098,5
9099,7
9100,3
9101,1
9102,1
9103,6
9104,7
9105,7
9106,6
9107,5
9108,4
9109,4
9110,4
9111,2
9112,2
9113,3
9114,0
9115,0
9116,4
9117,6
9118,1
9119,6
9120,6
9121,6
9122,4
9123,0
9124,5
9125,4
9126,6
9127,4
9128,5
9129,4
9130,1
9131,1
9132,4
9133,6
9134,1
9135,3
9136,0
9137,7
9138,5
9139,7
9140,4
9141,3
9142,0
9143,0
9144,4
9145,2
9146,6
9147,4
9148,4
9149,4
9150,6
9151,4
9152,2
9153,6
9154,7
9155,4
9156,5
9157,6
9158,1
9159,5
9160,7
9161,3
9162,1
9163,1
9164,5
9165,0
9166,0
9167,3
9168,7
9169,4
9170,4
9171,0
9172,6
9173,4
9174,7
9175,1
9176,1
9177,0
9178,4
9179,2
9180,4
9181,7
9182,0
9183,5
9184,6
9185,3
9186,1
9187,2
9188,7
9189,0
9190,7
9191,4
9192,0
9193,1
9194,4
9195,7
9196,7
9197,6
9198,0
9199,6
9200,1
9201,2
9202,7
9203,4
9204,6
9205,1
9206,4
9207,4
9208,1
9209,4
9210,7
9211,7
9212,0
9213,2
9214,1
9215,0
9216,4
9217,5
9218,2
9219,5
9220,5
9221,5
9222,0
9223,6
9224,4
9225,4
9226,0
9227,5
9228,2
9229,5
9230,7
9231,4
9232,3
9233,2
9234,6
9235,6
9236,4
9237,5
9238,4
9239,6
9240,3
9241,4
9242,4
9243,2
9244,0
9245,3
9246,2
9247,7
9248,6
9249,4
9250,3
9251,1
9252,6
9253,4
9254,1
9255,1
9256,0
9257,7
9258,6
9259,5
9260,4
9261,0
9262,1
9263,2
9264,0
9265,2
9266,4
9267,1
9268,3
9269,3
9270,0
9271,5
9272,4
9273,2
9274,1
9275,4
9276,2
9277,0
9278,3
9279,4
9280,6
9281,5
9282,5
9283,1
9284,4
9285,0
9286,6
9287,4
9288,4
9289,4
9290,0
9291,6
9292,3
9293,5
9294,4
9295,0
9296,6
9297,1
9298,6
9299,1
9300,6
9301,1
9302,6
9303,4
9304,1
9305,6
9306,4
9307,1
9308,4
9309,1
9310,2
9311,4
9312,6
9313,1
9314,6
9315,4
9316,7
9317,5
9318,6
9319,1
9320,7
9321,6
9322,1
9323,6
9324,7
9325,0
9326,1
9327,6
9328,5
9329,2
9330,1
9331,0
9332,1
9333,3
9334,4
9335,5
9336,4
9337,5
9338,4
9339,0
9340,6
9341,3
9342,3
9343,7
9344,1
9345,5
9346,0
9347,0
9348,2
9349,0
9350,4
9351,0
9352,2
9353,4
9354,6
9355,1
9356,7
9357,6
9358,2
9359,2
9360,3
9361,6
9362,6
9363,1
9364,6
9365,0
9366,1
9367,2
9368,1
9369,1
9370,3
9371,2
9372,6
9373,4
9374,0
9375,7
9376,1
9377,6
9378,5
9379,6
9380,4
9381,1
9382,4
9383,7
9384,4
9385,2
9386,3
9387,3
9388,1
9389,6
9390,4
9391,0
9392,1
9393,6
9394,1
9395,1
9396,0
9397,0
9398,4
9399,2
9400,1
9401,7
9402,0
9403,1
9404,5
9405,2
9406,5
9407,4
9408,6
9409,4
9410,4
9411,3
9412,1
9413,2
9414,6
9415,1
9416,7
9417,6
9418,7
9419,4
9420,3
9421,0
9422,3
9423,6
9424,4
9425,2
9426,5
9427,4
9428,6
9429,2
9430,3
9431,2
9432,2
9433,6
9434,4
9435,6
9436,4
9437,0
9438,4
9439,3
9440,3
9441,6
9442,0
9443,1
9444,3
9445,6
9446,0
9447,3
9448,7
9449,3
9450,6
9451,5
9452,7
9453,3
9454,0
9455,4
9456,3
9457,1
9458,3
9459,7
9460,7
9461,3
9462,0
9463,0
9464,6
9465,7
9466,1
9467,1
9468,6
9469,3
9470,2
9471,4
9472,4
9473,2
9474,3
9475,0
9476,2
9477,0
9478,6
9479,4
9480,1
9481,6
9482,1
9483,4
9484,2
9485,5
9486,1
9487,5
9488,0
9489,4
9490,7
9491,7
9492,0
9493,7
9494,3
9495,5
9496,4
9497,2
9498,3
9499,5
9500,2
9501,1
9502,0
9503,1
9504,1
9505,0
9506,6
9507,7
9508,7
9509,5
9510,4
9511,3
9512,3
9513,2
9514,6
9515,7
9516,7
9517,5
9518,5
9519,2
9520,7
9521,0
9522,7
9523,5
9524,5
9525,6
9526,3
9527,3
9528,0
9529,3
9530,4
9531,1
9532,6
9533,6
9534,4
9535,5
9536,1
9537,2
9538,1
9539,3
9540,0
9541,6
9542,5
9543,3
9544,4
9545,1
9546,1
9547,3
9548,1
9549,6
9550,7
9551,4
9552,4
9553,3
9554,2
9555,3
9556,3
9557,3
9558,4
9559,0
9560,1
9561,7
9562,3
9563,0
9564,3
9565,4
9566,1
9567,4
9568,6
9569,3
9570,4
9571,6
9572,3
9573,4
9574,6
9575,4
9576,1
9577,6
9578,7
9579,7
9580,1
9581,5
9582,0
9583,4
9584,1
9585,5
9586,6
9587,1
9588,6
9589,1
9590,7
9591,7
9592,1
9593,5
9594,6
9595,2
9596,1
9597,1
9598,6
9599,6
9600,2
9601,1
9602,4
9603,4
9604,0
9605,7
9606,1
9607,7
9608,1
9609,4
9610,6
9611,7
9612,4
9613,6
9614,1
9615,1
9616,2
9617,1
9618,7
9619,4
9620,3
9621,4
9622,1
9623,4
9624,4
9625,2
9626,7
9627,4
9628,7
9629,6
9630,6
9631,5
9632,1
9633,3
9634,7
9635,1
9636,7
9637,0
9638,2
9639,1
9640,1
9641,1
9642,7
9643,6
9644,4
9645,7
9646,1
9647,7
9648,1
9649,2
9650,1
9651,4
9652,1
9653,4
9654,6
9655,5
9656,1
9657,5
9658,6
9659,4
9660,0
9661,1
9662,3
9663,1
9664,3
9665,6
9666,5
9667,6
9668,2
9669,3
9670,6
9671,1
9672,6
9673,6
9674,1
9675,7
9676,0
9677,4
9678,7
9679,4
9680,5
9681,1
9682,4
9683,4
9684,6
9685,4
9686,7
9687,1
9688,0
9689,3
9690,3
9691,4
9692,2
9693,1
9694,7
9695,7
9696,3
9697,0
9698,6
9699,0
9700,0
9701,6
9702,6
9703,0
9704,4
9705,2
9706,4
9707,1
9708,1
9709,1
9710,4
9711,7
9712,1
9713,0
9714,4
9715,3
9716,5
9717,1
9718,6
9719,7
9720,4
9721,5
9722,1
9723,5
9724,6
9725,5
9726,3
9727,6
9728,6
9729,0
9730,0
9731,3
9732,7
9733,1
9734,6
9735,6
9736,6
9737,1
9738,6
9739,3
9740,7
9741,1
9742,4
9743,2
9744,7
9745,0
9746,3
9747,7
9748,7
9749,7
9750,1
9751,4
9752,7
9753,1
9754,1
9755,4
9756,6
9757,5
9758,5
9759,3
9760,4
9761,4
9762,7
9763,6
9764,0
9765,7
9766,2
9767,0
9768,4
9769,0
9770,5
9771,2
9772,3
9773,4
9774,1
9775,0
9776,2
9777,6
9778,2
9779,0
9780,0
9781,4
9782,1
9783,7
9784,6
9785,1
9786,1
9787,3
9788,4
9789,5
9790,1
9791,4
9792,3
9793,2
9794,5
9795,4
9796,2
9797,1
9798,7
9799,7
9800,2
9801,7
9802,4
9803,4
9804,1
9805,4
9806,5
9807,0
9808,5
9809,1
9810,4
9811,4
9812,6
9813,1
9814,3
9815,2
9816,3
9817,1
9818,6
9819,2
9820,1
9821,7
9822,4
9823,4
9824,1
9825,6
9826,2
9827,7
9828,7
9829,1
9830,5
9831,0
9832,6
9833,0
9834,6
9835,5
9836,1
9837,5
9838,6
9839,1
9840,5
9841,1
9842,3
9843,0
9844,7
9845,0
9846,0
9847,4
9848,1
9849,3
9850,0
9851,6
9852,6
9853,4
9854,2
9855,6
9856,6
9857,3
9858,1
9859,7
9860,4
9861,7
9862,1
9863,4
9864,6
9865,2
9866,1
9867,7
9868,6
9869,6
9870,2
9871,7
9872,0
9873,2
9874,3
9875,4
9876,0
9877,2
9878,0
9879,7
9880,7
9881,7
9882,5
9883,0
9884,5
9885,7
9886,4
9887,0
9888,6
9889,5
9890,4
9891,4
9892,4
9893,5
9894,1
9895,6
9896,3
9897,6
9898,7
9899,0
9900,0
9901,6
9902,6
9903,6
9904,3
9905,7
9906,2
9907,4
9908,3
9909,0
9910,6
9911,1
9912,6
9913,7
9914,3
9915,3
9916,4
9917,1
9918,5
9919,6
9920,1
9921,1
9922,1
9923,4
9924,4
9925,5
9926,3
9927,4
9928,2
9929,6
9930,6
9931,4
9932,4
9933,5
9934,6
9935,0
9936,5
9937,0
9938,1
9939,2
9940,1
9941,4
9942,4
9943,7
9944,5
9945,0
9946,1
9947,1
9948,3
9949,6
9950,3
9951,4
9952,4
9953,7
9954,4
9955,0
9956,0
9957,4
9958,4
9959,1
9960,5
9961,6
9962,4
9963,5
9964,6
9965,7
9966,6
9967,7
9968,7
9969,3
9970,2
9971,5
9972,5
9973,5
9974,0
9975,7
9976,1
9977,1
9978,5
9979,2
9980,6
9981,0
9982,4
9983,1
9984,6
9985,2
9986,7
9987,0
9988,4
9989,2
9990,4
9991,2
9992,7
9993,6
9994,1
9995,0
9996,0
9997,0
9998,2
9999,2
